request_id	correlation_id	batch_id	sample_index	qid	source_file	language	difficulty	subject	worker_dataset	gold	elapsed_ms	uenv_error_code	uenv_error_message	model_endpoint	request_time_cst	timeout_seconds	max_attempts_config	observed_server_reason
olymmath-OlymMATH-EASY-51-EN-978899df	olymmath-uenv-20260716_000508-51	olymmath-uenv-20260716_000508	51	OlymMATH-EASY-51-EN	OlymMATH-EN-EASY.jsonl	EN	EASY	Combinatorics	olymmath-easy	52	239180	5001	episode olymmath-OlymMATH-EASY-51-EN-978899df exceeded max attempts (3)	http://10.10.20.142:18094/v1	2026-07-16 15:05:08 UTC+08:00	7200	3	dispatch_failed / execute_episode_failed / h2 protocol error / CANCEL / exceeded max attempts(3)
olymmath-OlymMATH-HARD-57-EN-5bd477b0	olymmath-uenv-20260716_000508-157	olymmath-uenv-20260716_000508	157	OlymMATH-HARD-57-EN	OlymMATH-EN-HARD.jsonl	EN	HARD	Algebra	olymmath-hard	\frac{27}{32}	239414	5001	episode olymmath-OlymMATH-HARD-57-EN-5bd477b0 exceeded max attempts (3)	http://10.10.20.142:18094/v1	2026-07-16 15:05:08 UTC+08:00	7200	3	dispatch_failed / execute_episode_failed / h2 protocol error / CANCEL / exceeded max attempts(3)
olymmath-OlymMATH-EASY-0-ZH-c822a6b3	olymmath-uenv-20260716_000508-200	olymmath-uenv-20260716_000508	200	OlymMATH-EASY-0-ZH	OlymMATH-ZH-EASY.jsonl	ZH	EASY	组合	olymmath-easy	948	388292	5001	episode olymmath-OlymMATH-EASY-0-ZH-c822a6b3 exceeded max attempts (3)	http://10.10.20.142:18094/v1	2026-07-16 15:05:08 UTC+08:00	7200	3	dispatch_failed / execute_episode_failed / h2 protocol error / CANCEL / exceeded max attempts(3)
olymmath-OlymMATH-EASY-2-ZH-b965f510	olymmath-uenv-20260716_000508-202	olymmath-uenv-20260716_000508	202	OlymMATH-EASY-2-ZH	OlymMATH-ZH-EASY.jsonl	ZH	EASY	代数	olymmath-easy	3	185434	5001	episode olymmath-OlymMATH-EASY-2-ZH-b965f510 exceeded max attempts (3)	http://10.10.20.142:18094/v1	2026-07-16 15:05:08 UTC+08:00	7200	3	dispatch_failed / execute_episode_failed / h2 protocol error / CANCEL / exceeded max attempts(3)
olymmath-OlymMATH-EASY-3-ZH-53deb4d6	olymmath-uenv-20260716_000508-203	olymmath-uenv-20260716_000508	203	OlymMATH-EASY-3-ZH	OlymMATH-ZH-EASY.jsonl	ZH	EASY	几何	olymmath-easy	\frac{18}{5}	240195	5001	episode olymmath-OlymMATH-EASY-3-ZH-53deb4d6 exceeded max attempts (3)	http://10.10.20.142:18094/v1	2026-07-16 15:05:08 UTC+08:00	7200	3	dispatch_failed / execute_episode_failed / h2 protocol error / CANCEL / exceeded max attempts(3)
olymmath-OlymMATH-EASY-4-ZH-3f53a7b3	olymmath-uenv-20260716_000508-204	olymmath-uenv-20260716_000508	204	OlymMATH-EASY-4-ZH	OlymMATH-ZH-EASY.jsonl	ZH	EASY	代数	olymmath-easy	801730806	244961	5001	episode olymmath-OlymMATH-EASY-4-ZH-3f53a7b3 exceeded max attempts (3)	http://10.10.20.142:18094/v1	2026-07-16 15:05:08 UTC+08:00	7200	3	dispatch_failed / execute_episode_failed / h2 protocol error / CANCEL / exceeded max attempts(3)
olymmath-OlymMATH-EASY-5-ZH-38da4a22	olymmath-uenv-20260716_000508-205	olymmath-uenv-20260716_000508	205	OlymMATH-EASY-5-ZH	OlymMATH-ZH-EASY.jsonl	ZH	EASY	几何	olymmath-easy	\pi -\arccos \frac{1}{8}	243633	5001	episode olymmath-OlymMATH-EASY-5-ZH-38da4a22 exceeded max attempts (3)	http://10.10.20.142:18094/v1	2026-07-16 15:05:08 UTC+08:00	7200	3	dispatch_failed / execute_episode_failed / h2 protocol error / CANCEL / exceeded max attempts(3)
olymmath-OlymMATH-EASY-6-ZH-6f3308ab	olymmath-uenv-20260716_000508-206	olymmath-uenv-20260716_000508	206	OlymMATH-EASY-6-ZH	OlymMATH-ZH-EASY.jsonl	ZH	EASY	几何	olymmath-easy	2\sqrt{10}	239344	5001	episode olymmath-OlymMATH-EASY-6-ZH-6f3308ab exceeded max attempts (3)	http://10.10.20.142:18094/v1	2026-07-16 15:05:08 UTC+08:00	7200	3	dispatch_failed / execute_episode_failed / h2 protocol error / CANCEL / exceeded max attempts(3)
olymmath-OlymMATH-EASY-7-ZH-dd3575e8	olymmath-uenv-20260716_000508-207	olymmath-uenv-20260716_000508	207	OlymMATH-EASY-7-ZH	OlymMATH-ZH-EASY.jsonl	ZH	EASY	组合	olymmath-easy	78	239762	5001	episode olymmath-OlymMATH-EASY-7-ZH-dd3575e8 exceeded max attempts (3)	http://10.10.20.142:18094/v1	2026-07-16 15:05:08 UTC+08:00	7200	3	dispatch_failed / execute_episode_failed / h2 protocol error / CANCEL / exceeded max attempts(3)
olymmath-OlymMATH-EASY-8-ZH-41e0246d	olymmath-uenv-20260716_000508-208	olymmath-uenv-20260716_000508	208	OlymMATH-EASY-8-ZH	OlymMATH-ZH-EASY.jsonl	ZH	EASY	代数	olymmath-easy	\left[ -\frac{1}{8}, \frac{1}{8} \right]	243255	5001	episode olymmath-OlymMATH-EASY-8-ZH-41e0246d exceeded max attempts (3)	http://10.10.20.142:18094/v1	2026-07-16 15:05:08 UTC+08:00	7200	3	dispatch_failed / execute_episode_failed / h2 protocol error / CANCEL / exceeded max attempts(3)
olymmath-OlymMATH-EASY-11-ZH-098d4bc1	olymmath-uenv-20260716_000508-211	olymmath-uenv-20260716_000508	211	OlymMATH-EASY-11-ZH	OlymMATH-ZH-EASY.jsonl	ZH	EASY	数论	olymmath-easy	10201	239697	5001	episode olymmath-OlymMATH-EASY-11-ZH-098d4bc1 exceeded max attempts (3)	http://10.10.20.142:18094/v1	2026-07-16 15:05:08 UTC+08:00	7200	3	dispatch_failed / execute_episode_failed / h2 protocol error / CANCEL / exceeded max attempts(3)
olymmath-OlymMATH-EASY-12-ZH-4ff9a8ff	olymmath-uenv-20260716_000508-212	olymmath-uenv-20260716_000508	212	OlymMATH-EASY-12-ZH	OlymMATH-ZH-EASY.jsonl	ZH	EASY	几何	olymmath-easy	201	241199	5001	episode olymmath-OlymMATH-EASY-12-ZH-4ff9a8ff exceeded max attempts (3)	http://10.10.20.142:18094/v1	2026-07-16 15:05:08 UTC+08:00	7200	3	dispatch_failed / execute_episode_failed / h2 protocol error / CANCEL / exceeded max attempts(3)
olymmath-OlymMATH-EASY-13-ZH-0e112674	olymmath-uenv-20260716_000508-213	olymmath-uenv-20260716_000508	213	OlymMATH-EASY-13-ZH	OlymMATH-ZH-EASY.jsonl	ZH	EASY	代数	olymmath-easy	132	234394	5001	episode olymmath-OlymMATH-EASY-13-ZH-0e112674 exceeded max attempts (3)	http://10.10.20.142:18094/v1	2026-07-16 15:05:08 UTC+08:00	7200	3	dispatch_failed / execute_episode_failed / h2 protocol error / CANCEL / exceeded max attempts(3)
olymmath-OlymMATH-EASY-14-ZH-fdc64ef8	olymmath-uenv-20260716_000508-214	olymmath-uenv-20260716_000508	214	OlymMATH-EASY-14-ZH	OlymMATH-ZH-EASY.jsonl	ZH	EASY	组合	olymmath-easy	\frac{1}{1112111}	397465	5001	episode olymmath-OlymMATH-EASY-14-ZH-fdc64ef8 exceeded max attempts (3)	http://10.10.20.142:18094/v1	2026-07-16 15:05:08 UTC+08:00	7200	3	dispatch_failed / execute_episode_failed / h2 protocol error / CANCEL / exceeded max attempts(3)
olymmath-OlymMATH-EASY-15-ZH-659efc34	olymmath-uenv-20260716_000508-215	olymmath-uenv-20260716_000508	215	OlymMATH-EASY-15-ZH	OlymMATH-ZH-EASY.jsonl	ZH	EASY	组合	olymmath-easy	126	241856	5001	episode olymmath-OlymMATH-EASY-15-ZH-659efc34 exceeded max attempts (3)	http://10.10.20.142:18094/v1	2026-07-16 15:05:08 UTC+08:00	7200	3	dispatch_failed / execute_episode_failed / h2 protocol error / CANCEL / exceeded max attempts(3)
olymmath-OlymMATH-EASY-16-ZH-c2fba543	olymmath-uenv-20260716_000508-216	olymmath-uenv-20260716_000508	216	OlymMATH-EASY-16-ZH	OlymMATH-ZH-EASY.jsonl	ZH	EASY	几何	olymmath-easy	6	228083	5001	episode olymmath-OlymMATH-EASY-16-ZH-c2fba543 exceeded max attempts (3)	http://10.10.20.142:18094/v1	2026-07-16 15:05:08 UTC+08:00	7200	3	dispatch_failed / execute_episode_failed / h2 protocol error / CANCEL / exceeded max attempts(3)
olymmath-OlymMATH-EASY-17-ZH-80c0f106	olymmath-uenv-20260716_000508-217	olymmath-uenv-20260716_000508	217	OlymMATH-EASY-17-ZH	OlymMATH-ZH-EASY.jsonl	ZH	EASY	代数	olymmath-easy	4	245278	5001	episode olymmath-OlymMATH-EASY-17-ZH-80c0f106 exceeded max attempts (3)	http://10.10.20.142:18094/v1	2026-07-16 15:05:08 UTC+08:00	7200	3	dispatch_failed / execute_episode_failed / h2 protocol error / CANCEL / exceeded max attempts(3)
olymmath-OlymMATH-EASY-18-ZH-8457a948	olymmath-uenv-20260716_000508-218	olymmath-uenv-20260716_000508	218	OlymMATH-EASY-18-ZH	OlymMATH-ZH-EASY.jsonl	ZH	EASY	组合	olymmath-easy	21	245457	5001	episode olymmath-OlymMATH-EASY-18-ZH-8457a948 exceeded max attempts (3)	http://10.10.20.142:18094/v1	2026-07-16 15:05:08 UTC+08:00	7200	3	dispatch_failed / execute_episode_failed / h2 protocol error / CANCEL / exceeded max attempts(3)
olymmath-OlymMATH-EASY-19-ZH-5a4efca8	olymmath-uenv-20260716_000508-219	olymmath-uenv-20260716_000508	219	OlymMATH-EASY-19-ZH	OlymMATH-ZH-EASY.jsonl	ZH	EASY	代数	olymmath-easy	\frac{\pi}{6}	348022	5001	episode olymmath-OlymMATH-EASY-19-ZH-5a4efca8 exceeded max attempts (3)	http://10.10.20.142:18094/v1	2026-07-16 15:05:08 UTC+08:00	7200	3	dispatch_failed / execute_episode_failed / h2 protocol error / CANCEL / exceeded max attempts(3)
olymmath-OlymMATH-EASY-20-ZH-799d9fc1	olymmath-uenv-20260716_000508-220	olymmath-uenv-20260716_000508	220	OlymMATH-EASY-20-ZH	OlymMATH-ZH-EASY.jsonl	ZH	EASY	组合	olymmath-easy	45961	242526	5001	episode olymmath-OlymMATH-EASY-20-ZH-799d9fc1 exceeded max attempts (3)	http://10.10.20.142:18094/v1	2026-07-16 15:05:08 UTC+08:00	7200	3	dispatch_failed / execute_episode_failed / h2 protocol error / CANCEL / exceeded max attempts(3)
olymmath-OlymMATH-EASY-21-ZH-14d8583a	olymmath-uenv-20260716_000508-221	olymmath-uenv-20260716_000508	221	OlymMATH-EASY-21-ZH	OlymMATH-ZH-EASY.jsonl	ZH	EASY	组合	olymmath-easy	44226	236836	5001	episode olymmath-OlymMATH-EASY-21-ZH-14d8583a exceeded max attempts (3)	http://10.10.20.142:18094/v1	2026-07-16 15:05:08 UTC+08:00	7200	3	dispatch_failed / execute_episode_failed / h2 protocol error / CANCEL / exceeded max attempts(3)
olymmath-OlymMATH-EASY-22-ZH-6ec3be88	olymmath-uenv-20260716_000508-222	olymmath-uenv-20260716_000508	222	OlymMATH-EASY-22-ZH	OlymMATH-ZH-EASY.jsonl	ZH	EASY	几何	olymmath-easy	\frac{72\sqrt{3}}{25}	243118	5001	episode olymmath-OlymMATH-EASY-22-ZH-6ec3be88 exceeded max attempts (3)	http://10.10.20.142:18094/v1	2026-07-16 15:05:08 UTC+08:00	7200	3	dispatch_failed / execute_episode_failed / h2 protocol error / CANCEL / exceeded max attempts(3)
olymmath-OlymMATH-EASY-23-ZH-28c89b76	olymmath-uenv-20260716_000508-223	olymmath-uenv-20260716_000508	223	OlymMATH-EASY-23-ZH	OlymMATH-ZH-EASY.jsonl	ZH	EASY	组合	olymmath-easy	2576	242925	5001	episode olymmath-OlymMATH-EASY-23-ZH-28c89b76 exceeded max attempts (3)	http://10.10.20.142:18094/v1	2026-07-16 15:05:08 UTC+08:00	7200	3	dispatch_failed / execute_episode_failed / h2 protocol error / CANCEL / exceeded max attempts(3)
olymmath-OlymMATH-EASY-24-ZH-4405d63b	olymmath-uenv-20260716_000508-224	olymmath-uenv-20260716_000508	224	OlymMATH-EASY-24-ZH	OlymMATH-ZH-EASY.jsonl	ZH	EASY	代数	olymmath-easy	444	249013	5001	episode olymmath-OlymMATH-EASY-24-ZH-4405d63b exceeded max attempts (3)	http://10.10.20.142:18094/v1	2026-07-16 15:05:08 UTC+08:00	7200	3	dispatch_failed / execute_episode_failed / h2 protocol error / CANCEL / exceeded max attempts(3)
olymmath-OlymMATH-EASY-25-ZH-1fd2bbe6	olymmath-uenv-20260716_000508-225	olymmath-uenv-20260716_000508	225	OlymMATH-EASY-25-ZH	OlymMATH-ZH-EASY.jsonl	ZH	EASY	代数	olymmath-easy	6	240323	5001	episode olymmath-OlymMATH-EASY-25-ZH-1fd2bbe6 exceeded max attempts (3)	http://10.10.20.142:18094/v1	2026-07-16 15:05:08 UTC+08:00	7200	3	dispatch_failed / execute_episode_failed / h2 protocol error / CANCEL / exceeded max attempts(3)
olymmath-OlymMATH-EASY-26-ZH-4ff90320	olymmath-uenv-20260716_000508-226	olymmath-uenv-20260716_000508	226	OlymMATH-EASY-26-ZH	OlymMATH-ZH-EASY.jsonl	ZH	EASY	几何	olymmath-easy	\frac{\sqrt{3}\pi}{2}	245456	5001	episode olymmath-OlymMATH-EASY-26-ZH-4ff90320 exceeded max attempts (3)	http://10.10.20.142:18094/v1	2026-07-16 15:05:08 UTC+08:00	7200	3	dispatch_failed / execute_episode_failed / h2 protocol error / CANCEL / exceeded max attempts(3)
olymmath-OlymMATH-EASY-27-ZH-6274218f	olymmath-uenv-20260716_000508-227	olymmath-uenv-20260716_000508	227	OlymMATH-EASY-27-ZH	OlymMATH-ZH-EASY.jsonl	ZH	EASY	组合	olymmath-easy	3498120	178717	5001	episode olymmath-OlymMATH-EASY-27-ZH-6274218f exceeded max attempts (3)	http://10.10.20.142:18094/v1	2026-07-16 15:05:08 UTC+08:00	7200	3	dispatch_failed / execute_episode_failed / h2 protocol error / CANCEL / exceeded max attempts(3)
olymmath-OlymMATH-EASY-28-ZH-ab02134e	olymmath-uenv-20260716_000508-228	olymmath-uenv-20260716_000508	228	OlymMATH-EASY-28-ZH	OlymMATH-ZH-EASY.jsonl	ZH	EASY	几何	olymmath-easy	\frac{7\sqrt{17}}{24}	252672	5001	episode olymmath-OlymMATH-EASY-28-ZH-ab02134e exceeded max attempts (3)	http://10.10.20.142:18094/v1	2026-07-16 15:05:08 UTC+08:00	7200	3	dispatch_failed / execute_episode_failed / h2 protocol error / CANCEL / exceeded max attempts(3)
olymmath-OlymMATH-EASY-29-ZH-0dbf0bb5	olymmath-uenv-20260716_000508-229	olymmath-uenv-20260716_000508	229	OlymMATH-EASY-29-ZH	OlymMATH-ZH-EASY.jsonl	ZH	EASY	几何	olymmath-easy	\sqrt{3}	244580	5001	episode olymmath-OlymMATH-EASY-29-ZH-0dbf0bb5 exceeded max attempts (3)	http://10.10.20.142:18094/v1	2026-07-16 15:05:08 UTC+08:00	7200	3	dispatch_failed / execute_episode_failed / h2 protocol error / CANCEL / exceeded max attempts(3)
olymmath-OlymMATH-EASY-30-ZH-e3390dd7	olymmath-uenv-20260716_000508-230	olymmath-uenv-20260716_000508	230	OlymMATH-EASY-30-ZH	OlymMATH-ZH-EASY.jsonl	ZH	EASY	组合	olymmath-easy	2041211	241038	5001	episode olymmath-OlymMATH-EASY-30-ZH-e3390dd7 exceeded max attempts (3)	http://10.10.20.142:18094/v1	2026-07-16 15:05:08 UTC+08:00	7200	3	dispatch_failed / execute_episode_failed / h2 protocol error / CANCEL / exceeded max attempts(3)
olymmath-OlymMATH-EASY-31-ZH-94d1f8ef	olymmath-uenv-20260716_000508-231	olymmath-uenv-20260716_000508	231	OlymMATH-EASY-31-ZH	OlymMATH-ZH-EASY.jsonl	ZH	EASY	几何	olymmath-easy	\frac{5\sqrt{5}\pi}{6}	176587	5001	episode olymmath-OlymMATH-EASY-31-ZH-94d1f8ef exceeded max attempts (3)	http://10.10.20.142:18094/v1	2026-07-16 15:05:08 UTC+08:00	7200	3	dispatch_failed / execute_episode_failed / h2 protocol error / CANCEL / exceeded max attempts(3)
olymmath-OlymMATH-EASY-32-ZH-06b3ebdd	olymmath-uenv-20260716_000508-232	olymmath-uenv-20260716_000508	232	OlymMATH-EASY-32-ZH	OlymMATH-ZH-EASY.jsonl	ZH	EASY	代数	olymmath-easy	\frac{1}{2}	238208	5001	episode olymmath-OlymMATH-EASY-32-ZH-06b3ebdd exceeded max attempts (3)	http://10.10.20.142:18094/v1	2026-07-16 15:05:08 UTC+08:00	7200	3	dispatch_failed / execute_episode_failed / h2 protocol error / CANCEL / exceeded max attempts(3)
olymmath-OlymMATH-EASY-33-ZH-ecab16e4	olymmath-uenv-20260716_000508-233	olymmath-uenv-20260716_000508	233	OlymMATH-EASY-33-ZH	OlymMATH-ZH-EASY.jsonl	ZH	EASY	组合	olymmath-easy	\frac{16}{135}	252128	5001	episode olymmath-OlymMATH-EASY-33-ZH-ecab16e4 exceeded max attempts (3)	http://10.10.20.142:18094/v1	2026-07-16 15:05:08 UTC+08:00	7200	3	dispatch_failed / execute_episode_failed / h2 protocol error / CANCEL / exceeded max attempts(3)
olymmath-OlymMATH-EASY-34-ZH-38d67377	olymmath-uenv-20260716_000508-234	olymmath-uenv-20260716_000508	234	OlymMATH-EASY-34-ZH	OlymMATH-ZH-EASY.jsonl	ZH	EASY	组合	olymmath-easy	2	240177	5001	episode olymmath-OlymMATH-EASY-34-ZH-38d67377 exceeded max attempts (3)	http://10.10.20.142:18094/v1	2026-07-16 15:05:08 UTC+08:00	7200	3	dispatch_failed / execute_episode_failed / h2 protocol error / CANCEL / exceeded max attempts(3)
olymmath-OlymMATH-EASY-35-ZH-69e62819	olymmath-uenv-20260716_000508-235	olymmath-uenv-20260716_000508	235	OlymMATH-EASY-35-ZH	OlymMATH-ZH-EASY.jsonl	ZH	EASY	几何	olymmath-easy	12	241501	5001	episode olymmath-OlymMATH-EASY-35-ZH-69e62819 exceeded max attempts (3)	http://10.10.20.142:18094/v1	2026-07-16 15:05:08 UTC+08:00	7200	3	dispatch_failed / execute_episode_failed / h2 protocol error / CANCEL / exceeded max attempts(3)
olymmath-OlymMATH-EASY-36-ZH-25de381f	olymmath-uenv-20260716_000508-236	olymmath-uenv-20260716_000508	236	OlymMATH-EASY-36-ZH	OlymMATH-ZH-EASY.jsonl	ZH	EASY	组合	olymmath-easy	476	237040	5001	episode olymmath-OlymMATH-EASY-36-ZH-25de381f exceeded max attempts (3)	http://10.10.20.142:18094/v1	2026-07-16 15:05:08 UTC+08:00	7200	3	dispatch_failed / execute_episode_failed / h2 protocol error / CANCEL / exceeded max attempts(3)
olymmath-OlymMATH-EASY-37-ZH-0696a7bb	olymmath-uenv-20260716_000508-237	olymmath-uenv-20260716_000508	237	OlymMATH-EASY-37-ZH	OlymMATH-ZH-EASY.jsonl	ZH	EASY	几何	olymmath-easy	\frac{2}{3}	240530	5001	episode olymmath-OlymMATH-EASY-37-ZH-0696a7bb exceeded max attempts (3)	http://10.10.20.142:18094/v1	2026-07-16 15:05:08 UTC+08:00	7200	3	dispatch_failed / execute_episode_failed / h2 protocol error / CANCEL / exceeded max attempts(3)
olymmath-OlymMATH-EASY-39-ZH-70023a6d	olymmath-uenv-20260716_000508-239	olymmath-uenv-20260716_000508	239	OlymMATH-EASY-39-ZH	OlymMATH-ZH-EASY.jsonl	ZH	EASY	组合	olymmath-easy	\frac{133}{780}	241868	5001	episode olymmath-OlymMATH-EASY-39-ZH-70023a6d exceeded max attempts (3)	http://10.10.20.142:18094/v1	2026-07-16 15:05:08 UTC+08:00	7200	3	dispatch_failed / execute_episode_failed / h2 protocol error / CANCEL / exceeded max attempts(3)
olymmath-OlymMATH-EASY-40-ZH-d492e389	olymmath-uenv-20260716_000508-240	olymmath-uenv-20260716_000508	240	OlymMATH-EASY-40-ZH	OlymMATH-ZH-EASY.jsonl	ZH	EASY	几何	olymmath-easy	[7, 47]	242403	5001	episode olymmath-OlymMATH-EASY-40-ZH-d492e389 exceeded max attempts (3)	http://10.10.20.142:18094/v1	2026-07-16 15:05:08 UTC+08:00	7200	3	dispatch_failed / execute_episode_failed / h2 protocol error / CANCEL / exceeded max attempts(3)
olymmath-OlymMATH-EASY-41-ZH-46654822	olymmath-uenv-20260716_000508-241	olymmath-uenv-20260716_000508	241	OlymMATH-EASY-41-ZH	OlymMATH-ZH-EASY.jsonl	ZH	EASY	几何	olymmath-easy	\frac{\sqrt{89}}{3}	240567	5001	episode olymmath-OlymMATH-EASY-41-ZH-46654822 exceeded max attempts (3)	http://10.10.20.142:18094/v1	2026-07-16 15:05:08 UTC+08:00	7200	3	dispatch_failed / execute_episode_failed / h2 protocol error / CANCEL / exceeded max attempts(3)
olymmath-OlymMATH-EASY-42-ZH-e659123f	olymmath-uenv-20260716_000508-242	olymmath-uenv-20260716_000508	242	OlymMATH-EASY-42-ZH	OlymMATH-ZH-EASY.jsonl	ZH	EASY	组合	olymmath-easy	195	262090	5001	episode olymmath-OlymMATH-EASY-42-ZH-e659123f exceeded max attempts (3)	http://10.10.20.142:18094/v1	2026-07-16 15:05:08 UTC+08:00	7200	3	dispatch_failed / execute_episode_failed / h2 protocol error / CANCEL / exceeded max attempts(3)
olymmath-OlymMATH-EASY-43-ZH-95708c4c	olymmath-uenv-20260716_000508-243	olymmath-uenv-20260716_000508	243	OlymMATH-EASY-43-ZH	OlymMATH-ZH-EASY.jsonl	ZH	EASY	组合	olymmath-easy	20826	241345	5001	episode olymmath-OlymMATH-EASY-43-ZH-95708c4c exceeded max attempts (3)	http://10.10.20.142:18094/v1	2026-07-16 15:05:08 UTC+08:00	7200	3	dispatch_failed / execute_episode_failed / h2 protocol error / CANCEL / exceeded max attempts(3)
olymmath-OlymMATH-EASY-45-ZH-2a7177c0	olymmath-uenv-20260716_000508-245	olymmath-uenv-20260716_000508	245	OlymMATH-EASY-45-ZH	OlymMATH-ZH-EASY.jsonl	ZH	EASY	组合	olymmath-easy	355	241160	5001	episode olymmath-OlymMATH-EASY-45-ZH-2a7177c0 exceeded max attempts (3)	http://10.10.20.142:18094/v1	2026-07-16 15:05:08 UTC+08:00	7200	3	dispatch_failed / execute_episode_failed / h2 protocol error / CANCEL / exceeded max attempts(3)
olymmath-OlymMATH-EASY-46-ZH-36904dce	olymmath-uenv-20260716_000508-246	olymmath-uenv-20260716_000508	246	OlymMATH-EASY-46-ZH	OlymMATH-ZH-EASY.jsonl	ZH	EASY	组合	olymmath-easy	\frac{18}{35}	244878	5001	episode olymmath-OlymMATH-EASY-46-ZH-36904dce exceeded max attempts (3)	http://10.10.20.142:18094/v1	2026-07-16 15:05:08 UTC+08:00	7200	3	dispatch_failed / execute_episode_failed / h2 protocol error / CANCEL / exceeded max attempts(3)
olymmath-OlymMATH-EASY-47-ZH-2400103c	olymmath-uenv-20260716_000508-247	olymmath-uenv-20260716_000508	247	OlymMATH-EASY-47-ZH	OlymMATH-ZH-EASY.jsonl	ZH	EASY	代数	olymmath-easy	8	241675	5001	episode olymmath-OlymMATH-EASY-47-ZH-2400103c exceeded max attempts (3)	http://10.10.20.142:18094/v1	2026-07-16 15:05:08 UTC+08:00	7200	3	dispatch_failed / execute_episode_failed / h2 protocol error / CANCEL / exceeded max attempts(3)
olymmath-OlymMATH-EASY-48-ZH-f54b4d2c	olymmath-uenv-20260716_000508-248	olymmath-uenv-20260716_000508	248	OlymMATH-EASY-48-ZH	OlymMATH-ZH-EASY.jsonl	ZH	EASY	代数	olymmath-easy	\frac{49}{4}	243486	5001	episode olymmath-OlymMATH-EASY-48-ZH-f54b4d2c exceeded max attempts (3)	http://10.10.20.142:18094/v1	2026-07-16 15:05:08 UTC+08:00	7200	3	dispatch_failed / execute_episode_failed / h2 protocol error / CANCEL / exceeded max attempts(3)
olymmath-OlymMATH-EASY-49-ZH-e93fd15e	olymmath-uenv-20260716_000508-249	olymmath-uenv-20260716_000508	249	OlymMATH-EASY-49-ZH	OlymMATH-ZH-EASY.jsonl	ZH	EASY	几何	olymmath-easy	2	240531	5001	episode olymmath-OlymMATH-EASY-49-ZH-e93fd15e exceeded max attempts (3)	http://10.10.20.142:18094/v1	2026-07-16 15:05:08 UTC+08:00	7200	3	dispatch_failed / execute_episode_failed / h2 protocol error / CANCEL / exceeded max attempts(3)
olymmath-OlymMATH-EASY-52-ZH-bb504215	olymmath-uenv-20260716_000508-252	olymmath-uenv-20260716_000508	252	OlymMATH-EASY-52-ZH	OlymMATH-ZH-EASY.jsonl	ZH	EASY	组合	olymmath-easy	\frac{16}{473}	238798	5001	episode olymmath-OlymMATH-EASY-52-ZH-bb504215 exceeded max attempts (3)	http://10.10.20.142:18094/v1	2026-07-16 15:05:08 UTC+08:00	7200	3	dispatch_failed / execute_episode_failed / h2 protocol error / CANCEL / exceeded max attempts(3)
olymmath-OlymMATH-EASY-53-ZH-b07eb1ef	olymmath-uenv-20260716_000508-253	olymmath-uenv-20260716_000508	253	OlymMATH-EASY-53-ZH	OlymMATH-ZH-EASY.jsonl	ZH	EASY	代数	olymmath-easy	2	241281	5001	episode olymmath-OlymMATH-EASY-53-ZH-b07eb1ef exceeded max attempts (3)	http://10.10.20.142:18094/v1	2026-07-16 15:05:08 UTC+08:00	7200	3	dispatch_failed / execute_episode_failed / h2 protocol error / CANCEL / exceeded max attempts(3)
olymmath-OlymMATH-EASY-54-ZH-f9788e7b	olymmath-uenv-20260716_000508-254	olymmath-uenv-20260716_000508	254	OlymMATH-EASY-54-ZH	OlymMATH-ZH-EASY.jsonl	ZH	EASY	数论	olymmath-easy	3024	247321	5001	episode olymmath-OlymMATH-EASY-54-ZH-f9788e7b exceeded max attempts (3)	http://10.10.20.142:18094/v1	2026-07-16 15:05:08 UTC+08:00	7200	3	dispatch_failed / execute_episode_failed / h2 protocol error / CANCEL / exceeded max attempts(3)
olymmath-OlymMATH-EASY-55-ZH-6ab9a8bb	olymmath-uenv-20260716_000508-255	olymmath-uenv-20260716_000508	255	OlymMATH-EASY-55-ZH	OlymMATH-ZH-EASY.jsonl	ZH	EASY	数论	olymmath-easy	531	240932	5001	episode olymmath-OlymMATH-EASY-55-ZH-6ab9a8bb exceeded max attempts (3)	http://10.10.20.142:18094/v1	2026-07-16 15:05:08 UTC+08:00	7200	3	dispatch_failed / execute_episode_failed / h2 protocol error / CANCEL / exceeded max attempts(3)
olymmath-OlymMATH-EASY-56-ZH-d90aef21	olymmath-uenv-20260716_000508-256	olymmath-uenv-20260716_000508	256	OlymMATH-EASY-56-ZH	OlymMATH-ZH-EASY.jsonl	ZH	EASY	数论	olymmath-easy	18000	226456	5001	episode olymmath-OlymMATH-EASY-56-ZH-d90aef21 exceeded max attempts (3)	http://10.10.20.142:18094/v1	2026-07-16 15:05:08 UTC+08:00	7200	3	dispatch_failed / execute_episode_failed / h2 protocol error / CANCEL / exceeded max attempts(3)
olymmath-OlymMATH-EASY-57-ZH-5c8281b0	olymmath-uenv-20260716_000508-257	olymmath-uenv-20260716_000508	257	OlymMATH-EASY-57-ZH	OlymMATH-ZH-EASY.jsonl	ZH	EASY	数论	olymmath-easy	1169	248045	5001	episode olymmath-OlymMATH-EASY-57-ZH-5c8281b0 exceeded max attempts (3)	http://10.10.20.142:18094/v1	2026-07-16 15:05:08 UTC+08:00	7200	3	dispatch_failed / execute_episode_failed / h2 protocol error / CANCEL / exceeded max attempts(3)
olymmath-OlymMATH-EASY-58-ZH-9520e83d	olymmath-uenv-20260716_000508-258	olymmath-uenv-20260716_000508	258	OlymMATH-EASY-58-ZH	OlymMATH-ZH-EASY.jsonl	ZH	EASY	数论	olymmath-easy	4608	241573	5001	episode olymmath-OlymMATH-EASY-58-ZH-9520e83d exceeded max attempts (3)	http://10.10.20.142:18094/v1	2026-07-16 15:05:08 UTC+08:00	7200	3	dispatch_failed / execute_episode_failed / h2 protocol error / CANCEL / exceeded max attempts(3)
olymmath-OlymMATH-EASY-59-ZH-f8b8e46a	olymmath-uenv-20260716_000508-259	olymmath-uenv-20260716_000508	259	OlymMATH-EASY-59-ZH	OlymMATH-ZH-EASY.jsonl	ZH	EASY	数论	olymmath-easy	144	218861	5001	episode olymmath-OlymMATH-EASY-59-ZH-f8b8e46a exceeded max attempts (3)	http://10.10.20.142:18094/v1	2026-07-16 15:05:08 UTC+08:00	7200	3	dispatch_failed / execute_episode_failed / h2 protocol error / CANCEL / exceeded max attempts(3)
olymmath-OlymMATH-EASY-60-ZH-e84e807c	olymmath-uenv-20260716_000508-260	olymmath-uenv-20260716_000508	260	OlymMATH-EASY-60-ZH	OlymMATH-ZH-EASY.jsonl	ZH	EASY	数论	olymmath-easy	673	240813	5001	episode olymmath-OlymMATH-EASY-60-ZH-e84e807c exceeded max attempts (3)	http://10.10.20.142:18094/v1	2026-07-16 15:05:08 UTC+08:00	7200	3	dispatch_failed / execute_episode_failed / h2 protocol error / CANCEL / exceeded max attempts(3)
olymmath-OlymMATH-EASY-61-ZH-ead390f5	olymmath-uenv-20260716_000508-261	olymmath-uenv-20260716_000508	261	OlymMATH-EASY-61-ZH	OlymMATH-ZH-EASY.jsonl	ZH	EASY	数论	olymmath-easy	4\times 3^{2010}-5\times 2^{2010}+1	246921	5001	episode olymmath-OlymMATH-EASY-61-ZH-ead390f5 exceeded max attempts (3)	http://10.10.20.142:18094/v1	2026-07-16 15:05:08 UTC+08:00	7200	3	dispatch_failed / execute_episode_failed / h2 protocol error / CANCEL / exceeded max attempts(3)
olymmath-OlymMATH-EASY-62-ZH-de640c43	olymmath-uenv-20260716_000508-262	olymmath-uenv-20260716_000508	262	OlymMATH-EASY-62-ZH	OlymMATH-ZH-EASY.jsonl	ZH	EASY	数论	olymmath-easy	6	240081	5001	episode olymmath-OlymMATH-EASY-62-ZH-de640c43 exceeded max attempts (3)	http://10.10.20.142:18094/v1	2026-07-16 15:05:08 UTC+08:00	7200	3	dispatch_failed / execute_episode_failed / h2 protocol error / CANCEL / exceeded max attempts(3)
olymmath-OlymMATH-EASY-63-ZH-aa40a845	olymmath-uenv-20260716_000508-263	olymmath-uenv-20260716_000508	263	OlymMATH-EASY-63-ZH	OlymMATH-ZH-EASY.jsonl	ZH	EASY	数论	olymmath-easy	45	241414	5001	episode olymmath-OlymMATH-EASY-63-ZH-aa40a845 exceeded max attempts (3)	http://10.10.20.142:18094/v1	2026-07-16 15:05:08 UTC+08:00	7200	3	dispatch_failed / execute_episode_failed / h2 protocol error / CANCEL / exceeded max attempts(3)
olymmath-OlymMATH-EASY-66-ZH-897a9f34	olymmath-uenv-20260716_000508-266	olymmath-uenv-20260716_000508	266	OlymMATH-EASY-66-ZH	OlymMATH-ZH-EASY.jsonl	ZH	EASY	组合	olymmath-easy	1925	240274	5001	episode olymmath-OlymMATH-EASY-66-ZH-897a9f34 exceeded max attempts (3)	http://10.10.20.142:18094/v1	2026-07-16 15:05:08 UTC+08:00	7200	3	dispatch_failed / execute_episode_failed / h2 protocol error / CANCEL / exceeded max attempts(3)
olymmath-OlymMATH-EASY-67-ZH-41245fae	olymmath-uenv-20260716_000508-267	olymmath-uenv-20260716_000508	267	OlymMATH-EASY-67-ZH	OlymMATH-ZH-EASY.jsonl	ZH	EASY	几何	olymmath-easy	\sqrt{1+\frac{\sqrt{6}}{3}}	243667	5001	episode olymmath-OlymMATH-EASY-67-ZH-41245fae exceeded max attempts (3)	http://10.10.20.142:18094/v1	2026-07-16 15:05:08 UTC+08:00	7200	3	dispatch_failed / execute_episode_failed / h2 protocol error / CANCEL / exceeded max attempts(3)
olymmath-OlymMATH-EASY-69-ZH-48020aa4	olymmath-uenv-20260716_000508-269	olymmath-uenv-20260716_000508	269	OlymMATH-EASY-69-ZH	OlymMATH-ZH-EASY.jsonl	ZH	EASY	几何	olymmath-easy	\frac{3\sqrt{2}+\sqrt{6}}{2}	241682	5001	episode olymmath-OlymMATH-EASY-69-ZH-48020aa4 exceeded max attempts (3)	http://10.10.20.142:18094/v1	2026-07-16 15:05:08 UTC+08:00	7200	3	dispatch_failed / execute_episode_failed / h2 protocol error / CANCEL / exceeded max attempts(3)
olymmath-OlymMATH-EASY-71-ZH-109853a5	olymmath-uenv-20260716_000508-271	olymmath-uenv-20260716_000508	271	OlymMATH-EASY-71-ZH	OlymMATH-ZH-EASY.jsonl	ZH	EASY	几何	olymmath-easy	36\sqrt{3}	247785	5001	episode olymmath-OlymMATH-EASY-71-ZH-109853a5 exceeded max attempts (3)	http://10.10.20.142:18094/v1	2026-07-16 15:05:08 UTC+08:00	7200	3	dispatch_failed / execute_episode_failed / h2 protocol error / CANCEL / exceeded max attempts(3)
olymmath-OlymMATH-EASY-72-ZH-a26d4760	olymmath-uenv-20260716_000508-272	olymmath-uenv-20260716_000508	272	OlymMATH-EASY-72-ZH	OlymMATH-ZH-EASY.jsonl	ZH	EASY	几何	olymmath-easy	\frac{21\sqrt{3}}{4}	245535	5001	episode olymmath-OlymMATH-EASY-72-ZH-a26d4760 exceeded max attempts (3)	http://10.10.20.142:18094/v1	2026-07-16 15:05:08 UTC+08:00	7200	3	dispatch_failed / execute_episode_failed / h2 protocol error / CANCEL / exceeded max attempts(3)
olymmath-OlymMATH-EASY-73-ZH-6266110e	olymmath-uenv-20260716_000508-273	olymmath-uenv-20260716_000508	273	OlymMATH-EASY-73-ZH	OlymMATH-ZH-EASY.jsonl	ZH	EASY	代数	olymmath-easy	2+2\sqrt{3}	260979	5001	episode olymmath-OlymMATH-EASY-73-ZH-6266110e exceeded max attempts (3)	http://10.10.20.142:18094/v1	2026-07-16 15:05:08 UTC+08:00	7200	3	dispatch_failed / execute_episode_failed / h2 protocol error / CANCEL / exceeded max attempts(3)
olymmath-OlymMATH-EASY-74-ZH-b5f1aa86	olymmath-uenv-20260716_000508-274	olymmath-uenv-20260716_000508	274	OlymMATH-EASY-74-ZH	OlymMATH-ZH-EASY.jsonl	ZH	EASY	组合	olymmath-easy	580	244014	5001	episode olymmath-OlymMATH-EASY-74-ZH-b5f1aa86 exceeded max attempts (3)	http://10.10.20.142:18094/v1	2026-07-16 15:05:08 UTC+08:00	7200	3	dispatch_failed / execute_episode_failed / h2 protocol error / CANCEL / exceeded max attempts(3)
olymmath-OlymMATH-EASY-75-ZH-013d7da9	olymmath-uenv-20260716_000508-275	olymmath-uenv-20260716_000508	275	OlymMATH-EASY-75-ZH	OlymMATH-ZH-EASY.jsonl	ZH	EASY	几何	olymmath-easy	\frac{1 + \sqrt{5}}{2}	239273	5001	episode olymmath-OlymMATH-EASY-75-ZH-013d7da9 exceeded max attempts (3)	http://10.10.20.142:18094/v1	2026-07-16 15:05:08 UTC+08:00	7200	3	dispatch_failed / execute_episode_failed / h2 protocol error / CANCEL / exceeded max attempts(3)
olymmath-OlymMATH-EASY-77-ZH-1c0a420a	olymmath-uenv-20260716_000508-277	olymmath-uenv-20260716_000508	277	OlymMATH-EASY-77-ZH	OlymMATH-ZH-EASY.jsonl	ZH	EASY	代数	olymmath-easy	\frac{10057600}{3}	240121	5001	episode olymmath-OlymMATH-EASY-77-ZH-1c0a420a exceeded max attempts (3)	http://10.10.20.142:18094/v1	2026-07-16 15:05:08 UTC+08:00	7200	3	dispatch_failed / execute_episode_failed / h2 protocol error / CANCEL / exceeded max attempts(3)
olymmath-OlymMATH-EASY-78-ZH-f373ab20	olymmath-uenv-20260716_000508-278	olymmath-uenv-20260716_000508	278	OlymMATH-EASY-78-ZH	OlymMATH-ZH-EASY.jsonl	ZH	EASY	组合	olymmath-easy	16	237324	5001	episode olymmath-OlymMATH-EASY-78-ZH-f373ab20 exceeded max attempts (3)	http://10.10.20.142:18094/v1	2026-07-16 15:05:08 UTC+08:00	7200	3	dispatch_failed / execute_episode_failed / h2 protocol error / CANCEL / exceeded max attempts(3)
olymmath-OlymMATH-EASY-80-ZH-4b4322d7	olymmath-uenv-20260716_000508-280	olymmath-uenv-20260716_000508	280	OlymMATH-EASY-80-ZH	OlymMATH-ZH-EASY.jsonl	ZH	EASY	代数	olymmath-easy	99	242722	5001	episode olymmath-OlymMATH-EASY-80-ZH-4b4322d7 exceeded max attempts (3)	http://10.10.20.142:18094/v1	2026-07-16 15:05:08 UTC+08:00	7200	3	dispatch_failed / execute_episode_failed / h2 protocol error / CANCEL / exceeded max attempts(3)
olymmath-OlymMATH-EASY-81-ZH-d9f3c7f1	olymmath-uenv-20260716_000508-281	olymmath-uenv-20260716_000508	281	OlymMATH-EASY-81-ZH	OlymMATH-ZH-EASY.jsonl	ZH	EASY	几何	olymmath-easy	4	245084	5001	episode olymmath-OlymMATH-EASY-81-ZH-d9f3c7f1 exceeded max attempts (3)	http://10.10.20.142:18094/v1	2026-07-16 15:05:08 UTC+08:00	7200	3	dispatch_failed / execute_episode_failed / h2 protocol error / CANCEL / exceeded max attempts(3)
olymmath-OlymMATH-EASY-82-ZH-2aca89e2	olymmath-uenv-20260716_000508-282	olymmath-uenv-20260716_000508	282	OlymMATH-EASY-82-ZH	OlymMATH-ZH-EASY.jsonl	ZH	EASY	代数	olymmath-easy	2	250659	5001	episode olymmath-OlymMATH-EASY-82-ZH-2aca89e2 exceeded max attempts (3)	http://10.10.20.142:18094/v1	2026-07-16 15:05:08 UTC+08:00	7200	3	dispatch_failed / execute_episode_failed / h2 protocol error / CANCEL / exceeded max attempts(3)
olymmath-OlymMATH-EASY-84-ZH-2626cff7	olymmath-uenv-20260716_000508-284	olymmath-uenv-20260716_000508	284	OlymMATH-EASY-84-ZH	OlymMATH-ZH-EASY.jsonl	ZH	EASY	代数	olymmath-easy	\pi - \arctan \frac{12}{5}	237952	5001	episode olymmath-OlymMATH-EASY-84-ZH-2626cff7 exceeded max attempts (3)	http://10.10.20.142:18094/v1	2026-07-16 15:05:08 UTC+08:00	7200	3	dispatch_failed / execute_episode_failed / h2 protocol error / CANCEL / exceeded max attempts(3)
olymmath-OlymMATH-EASY-85-ZH-39e25710	olymmath-uenv-20260716_000508-285	olymmath-uenv-20260716_000508	285	OlymMATH-EASY-85-ZH	OlymMATH-ZH-EASY.jsonl	ZH	EASY	几何	olymmath-easy	115^{\circ}	243398	5001	episode olymmath-OlymMATH-EASY-85-ZH-39e25710 exceeded max attempts (3)	http://10.10.20.142:18094/v1	2026-07-16 15:05:08 UTC+08:00	7200	3	dispatch_failed / execute_episode_failed / h2 protocol error / CANCEL / exceeded max attempts(3)
olymmath-OlymMATH-EASY-87-ZH-901e998f	olymmath-uenv-20260716_000508-287	olymmath-uenv-20260716_000508	287	OlymMATH-EASY-87-ZH	OlymMATH-ZH-EASY.jsonl	ZH	EASY	组合	olymmath-easy	\frac{103}{2520}	243372	5001	episode olymmath-OlymMATH-EASY-87-ZH-901e998f exceeded max attempts (3)	http://10.10.20.142:18094/v1	2026-07-16 15:05:08 UTC+08:00	7200	3	dispatch_failed / execute_episode_failed / h2 protocol error / CANCEL / exceeded max attempts(3)
olymmath-OlymMATH-EASY-89-ZH-7130b911	olymmath-uenv-20260716_000508-289	olymmath-uenv-20260716_000508	289	OlymMATH-EASY-89-ZH	OlymMATH-ZH-EASY.jsonl	ZH	EASY	几何	olymmath-easy	2	241935	5001	episode olymmath-OlymMATH-EASY-89-ZH-7130b911 exceeded max attempts (3)	http://10.10.20.142:18094/v1	2026-07-16 15:05:08 UTC+08:00	7200	3	dispatch_failed / execute_episode_failed / h2 protocol error / CANCEL / exceeded max attempts(3)
olymmath-OlymMATH-EASY-90-ZH-9b627830	olymmath-uenv-20260716_000508-290	olymmath-uenv-20260716_000508	290	OlymMATH-EASY-90-ZH	OlymMATH-ZH-EASY.jsonl	ZH	EASY	代数	olymmath-easy	\frac{17}{12}	245144	5001	episode olymmath-OlymMATH-EASY-90-ZH-9b627830 exceeded max attempts (3)	http://10.10.20.142:18094/v1	2026-07-16 15:05:08 UTC+08:00	7200	3	dispatch_failed / execute_episode_failed / h2 protocol error / CANCEL / exceeded max attempts(3)
olymmath-OlymMATH-EASY-92-ZH-17ce3681	olymmath-uenv-20260716_000508-292	olymmath-uenv-20260716_000508	292	OlymMATH-EASY-92-ZH	OlymMATH-ZH-EASY.jsonl	ZH	EASY	代数	olymmath-easy	\frac{3^{2023} + 3}{4}	243825	5001	episode olymmath-OlymMATH-EASY-92-ZH-17ce3681 exceeded max attempts (3)	http://10.10.20.142:18094/v1	2026-07-16 15:05:08 UTC+08:00	7200	3	dispatch_failed / execute_episode_failed / h2 protocol error / CANCEL / exceeded max attempts(3)
olymmath-OlymMATH-EASY-93-ZH-eb335ff6	olymmath-uenv-20260716_000508-293	olymmath-uenv-20260716_000508	293	OlymMATH-EASY-93-ZH	OlymMATH-ZH-EASY.jsonl	ZH	EASY	几何	olymmath-easy	\sqrt[4]{\frac{64}{27}}	243254	5001	episode olymmath-OlymMATH-EASY-93-ZH-eb335ff6 exceeded max attempts (3)	http://10.10.20.142:18094/v1	2026-07-16 15:05:08 UTC+08:00	7200	3	dispatch_failed / execute_episode_failed / h2 protocol error / CANCEL / exceeded max attempts(3)
olymmath-OlymMATH-EASY-94-ZH-101c4eee	olymmath-uenv-20260716_000508-294	olymmath-uenv-20260716_000508	294	OlymMATH-EASY-94-ZH	OlymMATH-ZH-EASY.jsonl	ZH	EASY	几何	olymmath-easy	7	241702	5001	episode olymmath-OlymMATH-EASY-94-ZH-101c4eee exceeded max attempts (3)	http://10.10.20.142:18094/v1	2026-07-16 15:05:08 UTC+08:00	7200	3	dispatch_failed / execute_episode_failed / h2 protocol error / CANCEL / exceeded max attempts(3)
olymmath-OlymMATH-EASY-95-ZH-ab93465e	olymmath-uenv-20260716_000508-295	olymmath-uenv-20260716_000508	295	OlymMATH-EASY-95-ZH	OlymMATH-ZH-EASY.jsonl	ZH	EASY	几何	olymmath-easy	\frac{2\sqrt{3}+\sqrt{2}}{4}	252881	5001	episode olymmath-OlymMATH-EASY-95-ZH-ab93465e exceeded max attempts (3)	http://10.10.20.142:18094/v1	2026-07-16 15:05:08 UTC+08:00	7200	3	dispatch_failed / execute_episode_failed / h2 protocol error / CANCEL / exceeded max attempts(3)
olymmath-OlymMATH-EASY-97-ZH-2f811b12	olymmath-uenv-20260716_000508-297	olymmath-uenv-20260716_000508	297	OlymMATH-EASY-97-ZH	OlymMATH-ZH-EASY.jsonl	ZH	EASY	几何	olymmath-easy	\frac{19\sqrt{2}+11}{3}	243548	5001	episode olymmath-OlymMATH-EASY-97-ZH-2f811b12 exceeded max attempts (3)	http://10.10.20.142:18094/v1	2026-07-16 15:05:08 UTC+08:00	7200	3	dispatch_failed / execute_episode_failed / h2 protocol error / CANCEL / exceeded max attempts(3)
olymmath-OlymMATH-EASY-98-ZH-48982574	olymmath-uenv-20260716_000508-298	olymmath-uenv-20260716_000508	298	OlymMATH-EASY-98-ZH	OlymMATH-ZH-EASY.jsonl	ZH	EASY	数论	olymmath-easy	96	248236	5001	episode olymmath-OlymMATH-EASY-98-ZH-48982574 exceeded max attempts (3)	http://10.10.20.142:18094/v1	2026-07-16 15:05:08 UTC+08:00	7200	3	dispatch_failed / execute_episode_failed / h2 protocol error / CANCEL / exceeded max attempts(3)
olymmath-OlymMATH-HARD-1-ZH-1a03f320	olymmath-uenv-20260716_000508-301	olymmath-uenv-20260716_000508	301	OlymMATH-HARD-1-ZH	OlymMATH-ZH-HARD.jsonl	ZH	HARD	几何	olymmath-hard	210	463083	5001	episode olymmath-OlymMATH-HARD-1-ZH-1a03f320 exceeded max attempts (3)	http://10.10.20.142:18094/v1	2026-07-16 15:05:08 UTC+08:00	7200	3	dispatch_failed / execute_episode_failed / h2 protocol error / CANCEL / exceeded max attempts(3)
olymmath-OlymMATH-HARD-3-ZH-f5dd2b9c	olymmath-uenv-20260716_000508-303	olymmath-uenv-20260716_000508	303	OlymMATH-HARD-3-ZH	OlymMATH-ZH-HARD.jsonl	ZH	HARD	几何	olymmath-hard	8	236549	5001	episode olymmath-OlymMATH-HARD-3-ZH-f5dd2b9c exceeded max attempts (3)	http://10.10.20.142:18094/v1	2026-07-16 15:05:08 UTC+08:00	7200	3	dispatch_failed / execute_episode_failed / h2 protocol error / CANCEL / exceeded max attempts(3)
olymmath-OlymMATH-HARD-4-ZH-89552550	olymmath-uenv-20260716_000508-304	olymmath-uenv-20260716_000508	304	OlymMATH-HARD-4-ZH	OlymMATH-ZH-HARD.jsonl	ZH	HARD	代数	olymmath-hard	241 + 44\sqrt{30}	243408	5001	episode olymmath-OlymMATH-HARD-4-ZH-89552550 exceeded max attempts (3)	http://10.10.20.142:18094/v1	2026-07-16 15:05:08 UTC+08:00	7200	3	dispatch_failed / execute_episode_failed / h2 protocol error / CANCEL / exceeded max attempts(3)
olymmath-OlymMATH-HARD-5-ZH-80fbdaa8	olymmath-uenv-20260716_000508-305	olymmath-uenv-20260716_000508	305	OlymMATH-HARD-5-ZH	OlymMATH-ZH-HARD.jsonl	ZH	HARD	几何	olymmath-hard	\frac{\sqrt{51}}{6}	243504	5001	episode olymmath-OlymMATH-HARD-5-ZH-80fbdaa8 exceeded max attempts (3)	http://10.10.20.142:18094/v1	2026-07-16 15:05:08 UTC+08:00	7200	3	dispatch_failed / execute_episode_failed / h2 protocol error / CANCEL / exceeded max attempts(3)
olymmath-OlymMATH-HARD-6-ZH-7a8bf7fb	olymmath-uenv-20260716_000508-306	olymmath-uenv-20260716_000508	306	OlymMATH-HARD-6-ZH	OlymMATH-ZH-HARD.jsonl	ZH	HARD	组合	olymmath-hard	\frac{1}{315}	250668	5001	episode olymmath-OlymMATH-HARD-6-ZH-7a8bf7fb exceeded max attempts (3)	http://10.10.20.142:18094/v1	2026-07-16 15:05:08 UTC+08:00	7200	3	dispatch_failed / execute_episode_failed / h2 protocol error / CANCEL / exceeded max attempts(3)
olymmath-OlymMATH-HARD-7-ZH-2090672b	olymmath-uenv-20260716_000508-307	olymmath-uenv-20260716_000508	307	OlymMATH-HARD-7-ZH	OlymMATH-ZH-HARD.jsonl	ZH	HARD	几何	olymmath-hard	\sqrt{55}	234404	5001	episode olymmath-OlymMATH-HARD-7-ZH-2090672b exceeded max attempts (3)	http://10.10.20.142:18094/v1	2026-07-16 15:05:08 UTC+08:00	7200	3	dispatch_failed / execute_episode_failed / h2 protocol error / CANCEL / exceeded max attempts(3)
olymmath-OlymMATH-HARD-9-ZH-a29cafa2	olymmath-uenv-20260716_000508-309	olymmath-uenv-20260716_000508	309	OlymMATH-HARD-9-ZH	OlymMATH-ZH-HARD.jsonl	ZH	HARD	几何	olymmath-hard	\sqrt[4]{3}	240825	5001	episode olymmath-OlymMATH-HARD-9-ZH-a29cafa2 exceeded max attempts (3)	http://10.10.20.142:18094/v1	2026-07-16 15:05:08 UTC+08:00	7200	3	dispatch_failed / execute_episode_failed / h2 protocol error / CANCEL / exceeded max attempts(3)
olymmath-OlymMATH-HARD-10-ZH-8f24f30c	olymmath-uenv-20260716_000508-310	olymmath-uenv-20260716_000508	310	OlymMATH-HARD-10-ZH	OlymMATH-ZH-HARD.jsonl	ZH	HARD	数论	olymmath-hard	285120	247327	5001	episode olymmath-OlymMATH-HARD-10-ZH-8f24f30c exceeded max attempts (3)	http://10.10.20.142:18094/v1	2026-07-16 15:05:08 UTC+08:00	7200	3	dispatch_failed / execute_episode_failed / h2 protocol error / CANCEL / exceeded max attempts(3)
olymmath-OlymMATH-HARD-11-ZH-efcba783	olymmath-uenv-20260716_000508-311	olymmath-uenv-20260716_000508	311	OlymMATH-HARD-11-ZH	OlymMATH-ZH-HARD.jsonl	ZH	HARD	数论	olymmath-hard	110	245218	5001	episode olymmath-OlymMATH-HARD-11-ZH-efcba783 exceeded max attempts (3)	http://10.10.20.142:18094/v1	2026-07-16 15:05:08 UTC+08:00	7200	3	dispatch_failed / execute_episode_failed / h2 protocol error / CANCEL / exceeded max attempts(3)
olymmath-OlymMATH-HARD-12-ZH-6f5179b3	olymmath-uenv-20260716_000508-312	olymmath-uenv-20260716_000508	312	OlymMATH-HARD-12-ZH	OlymMATH-ZH-HARD.jsonl	ZH	HARD	代数	olymmath-hard	1364850	285906	5001	episode olymmath-OlymMATH-HARD-12-ZH-6f5179b3 exceeded max attempts (3)	http://10.10.20.142:18094/v1	2026-07-16 15:05:08 UTC+08:00	7200	3	dispatch_failed / execute_episode_failed / h2 protocol error / CANCEL / exceeded max attempts(3)
olymmath-OlymMATH-HARD-13-ZH-00f878c4	olymmath-uenv-20260716_000508-313	olymmath-uenv-20260716_000508	313	OlymMATH-HARD-13-ZH	OlymMATH-ZH-HARD.jsonl	ZH	HARD	代数	olymmath-hard	[3,193-132\sqrt{2}]	245094	5001	episode olymmath-OlymMATH-HARD-13-ZH-00f878c4 exceeded max attempts (3)	http://10.10.20.142:18094/v1	2026-07-16 15:05:08 UTC+08:00	7200	3	dispatch_failed / execute_episode_failed / h2 protocol error / CANCEL / exceeded max attempts(3)
olymmath-OlymMATH-HARD-14-ZH-d66a42fe	olymmath-uenv-20260716_000508-314	olymmath-uenv-20260716_000508	314	OlymMATH-HARD-14-ZH	OlymMATH-ZH-HARD.jsonl	ZH	HARD	组合	olymmath-hard	600	240757	5001	episode olymmath-OlymMATH-HARD-14-ZH-d66a42fe exceeded max attempts (3)	http://10.10.20.142:18094/v1	2026-07-16 15:05:08 UTC+08:00	7200	3	dispatch_failed / execute_episode_failed / h2 protocol error / CANCEL / exceeded max attempts(3)
olymmath-OlymMATH-HARD-15-ZH-26d98bf4	olymmath-uenv-20260716_000508-315	olymmath-uenv-20260716_000508	315	OlymMATH-HARD-15-ZH	OlymMATH-ZH-HARD.jsonl	ZH	HARD	组合	olymmath-hard	932604	246157	5001	episode olymmath-OlymMATH-HARD-15-ZH-26d98bf4 exceeded max attempts (3)	http://10.10.20.142:18094/v1	2026-07-16 15:05:08 UTC+08:00	7200	3	dispatch_failed / execute_episode_failed / h2 protocol error / CANCEL / exceeded max attempts(3)
olymmath-OlymMATH-HARD-16-ZH-7387b3f8	olymmath-uenv-20260716_000508-316	olymmath-uenv-20260716_000508	316	OlymMATH-HARD-16-ZH	OlymMATH-ZH-HARD.jsonl	ZH	HARD	数论	olymmath-hard	1296	463193	5001	episode olymmath-OlymMATH-HARD-16-ZH-7387b3f8 exceeded max attempts (3)	http://10.10.20.142:18094/v1	2026-07-16 15:05:08 UTC+08:00	7200	3	dispatch_failed / execute_episode_failed / h2 protocol error / CANCEL / exceeded max attempts(3)
olymmath-OlymMATH-HARD-17-ZH-c2d66105	olymmath-uenv-20260716_000508-317	olymmath-uenv-20260716_000508	317	OlymMATH-HARD-17-ZH	OlymMATH-ZH-HARD.jsonl	ZH	HARD	数论	olymmath-hard	9	247205	5001	episode olymmath-OlymMATH-HARD-17-ZH-c2d66105 exceeded max attempts (3)	http://10.10.20.142:18094/v1	2026-07-16 15:05:08 UTC+08:00	7200	3	dispatch_failed / execute_episode_failed / h2 protocol error / CANCEL / exceeded max attempts(3)
olymmath-OlymMATH-HARD-18-ZH-047ec6ba	olymmath-uenv-20260716_000508-318	olymmath-uenv-20260716_000508	318	OlymMATH-HARD-18-ZH	OlymMATH-ZH-HARD.jsonl	ZH	HARD	几何	olymmath-hard	-\frac{4\sqrt{3}}{3}	243584	5001	episode olymmath-OlymMATH-HARD-18-ZH-047ec6ba exceeded max attempts (3)	http://10.10.20.142:18094/v1	2026-07-16 15:05:08 UTC+08:00	7200	3	dispatch_failed / execute_episode_failed / h2 protocol error / CANCEL / exceeded max attempts(3)
olymmath-OlymMATH-HARD-20-ZH-d9d106d6	olymmath-uenv-20260716_000508-320	olymmath-uenv-20260716_000508	320	OlymMATH-HARD-20-ZH	OlymMATH-ZH-HARD.jsonl	ZH	HARD	组合	olymmath-hard	12 \times 2^{2022} - 24	247027	5001	episode olymmath-OlymMATH-HARD-20-ZH-d9d106d6 exceeded max attempts (3)	http://10.10.20.142:18094/v1	2026-07-16 15:05:08 UTC+08:00	7200	3	dispatch_failed / execute_episode_failed / h2 protocol error / CANCEL / exceeded max attempts(3)
olymmath-OlymMATH-HARD-21-ZH-a4b8426f	olymmath-uenv-20260716_000508-321	olymmath-uenv-20260716_000508	321	OlymMATH-HARD-21-ZH	OlymMATH-ZH-HARD.jsonl	ZH	HARD	数论	olymmath-hard	14	250871	5001	episode olymmath-OlymMATH-HARD-21-ZH-a4b8426f exceeded max attempts (3)	http://10.10.20.142:18094/v1	2026-07-16 15:05:08 UTC+08:00	7200	3	dispatch_failed / execute_episode_failed / h2 protocol error / CANCEL / exceeded max attempts(3)
olymmath-OlymMATH-HARD-22-ZH-cfbf748c	olymmath-uenv-20260716_000508-322	olymmath-uenv-20260716_000508	322	OlymMATH-HARD-22-ZH	OlymMATH-ZH-HARD.jsonl	ZH	HARD	代数	olymmath-hard	\frac{7}{12}	244495	5001	episode olymmath-OlymMATH-HARD-22-ZH-cfbf748c exceeded max attempts (3)	http://10.10.20.142:18094/v1	2026-07-16 15:05:08 UTC+08:00	7200	3	dispatch_failed / execute_episode_failed / h2 protocol error / CANCEL / exceeded max attempts(3)
olymmath-OlymMATH-HARD-23-ZH-c505d398	olymmath-uenv-20260716_000508-323	olymmath-uenv-20260716_000508	323	OlymMATH-HARD-23-ZH	OlymMATH-ZH-HARD.jsonl	ZH	HARD	组合	olymmath-hard	2^2023	241586	5001	episode olymmath-OlymMATH-HARD-23-ZH-c505d398 exceeded max attempts (3)	http://10.10.20.142:18094/v1	2026-07-16 15:05:08 UTC+08:00	7200	3	dispatch_failed / execute_episode_failed / h2 protocol error / CANCEL / exceeded max attempts(3)
olymmath-OlymMATH-HARD-24-ZH-51ba09fb	olymmath-uenv-20260716_000508-324	olymmath-uenv-20260716_000508	324	OlymMATH-HARD-24-ZH	OlymMATH-ZH-HARD.jsonl	ZH	HARD	几何	olymmath-hard	\left[2, \frac{4}{3}\sqrt{3}\right)	464109	5001	episode olymmath-OlymMATH-HARD-24-ZH-51ba09fb exceeded max attempts (3)	http://10.10.20.142:18094/v1	2026-07-16 15:05:08 UTC+08:00	7200	3	dispatch_failed / execute_episode_failed / h2 protocol error / CANCEL / exceeded max attempts(3)
olymmath-OlymMATH-HARD-27-ZH-5f30c4de	olymmath-uenv-20260716_000508-327	olymmath-uenv-20260716_000508	327	OlymMATH-HARD-27-ZH	OlymMATH-ZH-HARD.jsonl	ZH	HARD	几何	olymmath-hard	-\frac{5}{2}	249117	5001	episode olymmath-OlymMATH-HARD-27-ZH-5f30c4de exceeded max attempts (3)	http://10.10.20.142:18094/v1	2026-07-16 15:05:08 UTC+08:00	7200	3	dispatch_failed / execute_episode_failed / h2 protocol error / CANCEL / exceeded max attempts(3)
olymmath-OlymMATH-HARD-31-ZH-125bdbab	olymmath-uenv-20260716_000508-331	olymmath-uenv-20260716_000508	331	OlymMATH-HARD-31-ZH	OlymMATH-ZH-HARD.jsonl	ZH	HARD	组合	olymmath-hard	\frac{3}{17}	247115	5001	episode olymmath-OlymMATH-HARD-31-ZH-125bdbab exceeded max attempts (3)	http://10.10.20.142:18094/v1	2026-07-16 15:05:08 UTC+08:00	7200	3	dispatch_failed / execute_episode_failed / h2 protocol error / CANCEL / exceeded max attempts(3)
olymmath-OlymMATH-HARD-32-ZH-6d4e81a0	olymmath-uenv-20260716_000508-332	olymmath-uenv-20260716_000508	332	OlymMATH-HARD-32-ZH	OlymMATH-ZH-HARD.jsonl	ZH	HARD	组合	olymmath-hard	480	244629	5001	episode olymmath-OlymMATH-HARD-32-ZH-6d4e81a0 exceeded max attempts (3)	http://10.10.20.142:18094/v1	2026-07-16 15:05:08 UTC+08:00	7200	3	dispatch_failed / execute_episode_failed / h2 protocol error / CANCEL / exceeded max attempts(3)
olymmath-OlymMATH-HARD-36-ZH-c4dc9bab	olymmath-uenv-20260716_000508-336	olymmath-uenv-20260716_000508	336	OlymMATH-HARD-36-ZH	OlymMATH-ZH-HARD.jsonl	ZH	HARD	组合	olymmath-hard	\frac{2318}{5}	237882	5001	episode olymmath-OlymMATH-HARD-36-ZH-c4dc9bab exceeded max attempts (3)	http://10.10.20.142:18094/v1	2026-07-16 15:05:08 UTC+08:00	7200	3	dispatch_failed / execute_episode_failed / h2 protocol error / CANCEL / exceeded max attempts(3)
olymmath-OlymMATH-HARD-37-ZH-bb61cc87	olymmath-uenv-20260716_000508-337	olymmath-uenv-20260716_000508	337	OlymMATH-HARD-37-ZH	OlymMATH-ZH-HARD.jsonl	ZH	HARD	组合	olymmath-hard	\frac{1}{7}	251154	5001	episode olymmath-OlymMATH-HARD-37-ZH-bb61cc87 exceeded max attempts (3)	http://10.10.20.142:18094/v1	2026-07-16 15:05:08 UTC+08:00	7200	3	dispatch_failed / execute_episode_failed / h2 protocol error / CANCEL / exceeded max attempts(3)
olymmath-OlymMATH-HARD-38-ZH-ac91c191	olymmath-uenv-20260716_000508-338	olymmath-uenv-20260716_000508	338	OlymMATH-HARD-38-ZH	OlymMATH-ZH-HARD.jsonl	ZH	HARD	组合	olymmath-hard	506	245597	5001	episode olymmath-OlymMATH-HARD-38-ZH-ac91c191 exceeded max attempts (3)	http://10.10.20.142:18094/v1	2026-07-16 15:05:08 UTC+08:00	7200	3	dispatch_failed / execute_episode_failed / h2 protocol error / CANCEL / exceeded max attempts(3)
olymmath-OlymMATH-HARD-40-ZH-ef9a840a	olymmath-uenv-20260716_000508-340	olymmath-uenv-20260716_000508	340	OlymMATH-HARD-40-ZH	OlymMATH-ZH-HARD.jsonl	ZH	HARD	组合	olymmath-hard	2017^2	237417	5001	episode olymmath-OlymMATH-HARD-40-ZH-ef9a840a exceeded max attempts (3)	http://10.10.20.142:18094/v1	2026-07-16 15:05:08 UTC+08:00	7200	3	dispatch_failed / execute_episode_failed / h2 protocol error / CANCEL / exceeded max attempts(3)
olymmath-OlymMATH-HARD-42-ZH-8f674a7c	olymmath-uenv-20260716_000508-342	olymmath-uenv-20260716_000508	342	OlymMATH-HARD-42-ZH	OlymMATH-ZH-HARD.jsonl	ZH	HARD	组合	olymmath-hard	1222	281047	5001	episode olymmath-OlymMATH-HARD-42-ZH-8f674a7c exceeded max attempts (3)	http://10.10.20.142:18094/v1	2026-07-16 15:05:08 UTC+08:00	7200	3	dispatch_failed / execute_episode_failed / h2 protocol error / CANCEL / exceeded max attempts(3)
olymmath-OlymMATH-HARD-43-ZH-7d8252f7	olymmath-uenv-20260716_000508-343	olymmath-uenv-20260716_000508	343	OlymMATH-HARD-43-ZH	OlymMATH-ZH-HARD.jsonl	ZH	HARD	几何	olymmath-hard	6\sqrt{3}-5	241816	5001	episode olymmath-OlymMATH-HARD-43-ZH-7d8252f7 exceeded max attempts (3)	http://10.10.20.142:18094/v1	2026-07-16 15:05:08 UTC+08:00	7200	3	dispatch_failed / execute_episode_failed / h2 protocol error / CANCEL / exceeded max attempts(3)
olymmath-OlymMATH-HARD-44-ZH-fb456259	olymmath-uenv-20260716_000508-344	olymmath-uenv-20260716_000508	344	OlymMATH-HARD-44-ZH	OlymMATH-ZH-HARD.jsonl	ZH	HARD	几何	olymmath-hard	\frac{4}{9}	240427	5001	episode olymmath-OlymMATH-HARD-44-ZH-fb456259 exceeded max attempts (3)	http://10.10.20.142:18094/v1	2026-07-16 15:05:08 UTC+08:00	7200	3	dispatch_failed / execute_episode_failed / h2 protocol error / CANCEL / exceeded max attempts(3)
olymmath-OlymMATH-HARD-45-ZH-889f9cfd	olymmath-uenv-20260716_000508-345	olymmath-uenv-20260716_000508	345	OlymMATH-HARD-45-ZH	OlymMATH-ZH-HARD.jsonl	ZH	HARD	组合	olymmath-hard	432	240342	5001	episode olymmath-OlymMATH-HARD-45-ZH-889f9cfd exceeded max attempts (3)	http://10.10.20.142:18094/v1	2026-07-16 15:05:08 UTC+08:00	7200	3	dispatch_failed / execute_episode_failed / h2 protocol error / CANCEL / exceeded max attempts(3)
olymmath-OlymMATH-HARD-46-ZH-59ec8fd3	olymmath-uenv-20260716_000508-346	olymmath-uenv-20260716_000508	346	OlymMATH-HARD-46-ZH	OlymMATH-ZH-HARD.jsonl	ZH	HARD	组合	olymmath-hard	201	253145	5001	episode olymmath-OlymMATH-HARD-46-ZH-59ec8fd3 exceeded max attempts (3)	http://10.10.20.142:18094/v1	2026-07-16 15:05:08 UTC+08:00	7200	3	dispatch_failed / execute_episode_failed / h2 protocol error / CANCEL / exceeded max attempts(3)
olymmath-OlymMATH-HARD-47-ZH-ddb1fe7a	olymmath-uenv-20260716_000508-347	olymmath-uenv-20260716_000508	347	OlymMATH-HARD-47-ZH	OlymMATH-ZH-HARD.jsonl	ZH	HARD	组合	olymmath-hard	424	246580	5001	episode olymmath-OlymMATH-HARD-47-ZH-ddb1fe7a exceeded max attempts (3)	http://10.10.20.142:18094/v1	2026-07-16 15:05:08 UTC+08:00	7200	3	dispatch_failed / execute_episode_failed / h2 protocol error / CANCEL / exceeded max attempts(3)
olymmath-OlymMATH-HARD-48-ZH-600ce7cf	olymmath-uenv-20260716_000508-348	olymmath-uenv-20260716_000508	348	OlymMATH-HARD-48-ZH	OlymMATH-ZH-HARD.jsonl	ZH	HARD	几何	olymmath-hard	\frac{15\sqrt{2}}{2}	251492	5001	episode olymmath-OlymMATH-HARD-48-ZH-600ce7cf exceeded max attempts (3)	http://10.10.20.142:18094/v1	2026-07-16 15:05:08 UTC+08:00	7200	3	dispatch_failed / execute_episode_failed / h2 protocol error / CANCEL / exceeded max attempts(3)
olymmath-OlymMATH-HARD-51-ZH-ca34ce04	olymmath-uenv-20260716_000508-351	olymmath-uenv-20260716_000508	351	OlymMATH-HARD-51-ZH	OlymMATH-ZH-HARD.jsonl	ZH	HARD	几何	olymmath-hard	2\sqrt{2}-1	241058	5001	episode olymmath-OlymMATH-HARD-51-ZH-ca34ce04 exceeded max attempts (3)	http://10.10.20.142:18094/v1	2026-07-16 15:05:08 UTC+08:00	7200	3	dispatch_failed / execute_episode_failed / h2 protocol error / CANCEL / exceeded max attempts(3)
olymmath-OlymMATH-HARD-53-ZH-37a770d3	olymmath-uenv-20260716_000508-353	olymmath-uenv-20260716_000508	353	OlymMATH-HARD-53-ZH	OlymMATH-ZH-HARD.jsonl	ZH	HARD	几何	olymmath-hard	\frac{4}{3}	243096	5001	episode olymmath-OlymMATH-HARD-53-ZH-37a770d3 exceeded max attempts (3)	http://10.10.20.142:18094/v1	2026-07-16 15:05:08 UTC+08:00	7200	3	dispatch_failed / execute_episode_failed / h2 protocol error / CANCEL / exceeded max attempts(3)
olymmath-OlymMATH-HARD-54-ZH-f5a0b371	olymmath-uenv-20260716_000508-354	olymmath-uenv-20260716_000508	354	OlymMATH-HARD-54-ZH	OlymMATH-ZH-HARD.jsonl	ZH	HARD	组合	olymmath-hard	11	244883	5001	episode olymmath-OlymMATH-HARD-54-ZH-f5a0b371 exceeded max attempts (3)	http://10.10.20.142:18094/v1	2026-07-16 15:05:08 UTC+08:00	7200	3	dispatch_failed / execute_episode_failed / h2 protocol error / CANCEL / exceeded max attempts(3)
olymmath-OlymMATH-HARD-57-ZH-bc72e868	olymmath-uenv-20260716_000508-357	olymmath-uenv-20260716_000508	357	OlymMATH-HARD-57-ZH	OlymMATH-ZH-HARD.jsonl	ZH	HARD	代数	olymmath-hard	\frac{27}{32}	246542	5001	episode olymmath-OlymMATH-HARD-57-ZH-bc72e868 exceeded max attempts (3)	http://10.10.20.142:18094/v1	2026-07-16 15:05:08 UTC+08:00	7200	3	dispatch_failed / execute_episode_failed / h2 protocol error / CANCEL / exceeded max attempts(3)
olymmath-OlymMATH-HARD-59-ZH-42391b84	olymmath-uenv-20260716_000508-359	olymmath-uenv-20260716_000508	359	OlymMATH-HARD-59-ZH	OlymMATH-ZH-HARD.jsonl	ZH	HARD	代数	olymmath-hard	\frac{3}{512}	241803	5001	episode olymmath-OlymMATH-HARD-59-ZH-42391b84 exceeded max attempts (3)	http://10.10.20.142:18094/v1	2026-07-16 15:05:08 UTC+08:00	7200	3	dispatch_failed / execute_episode_failed / h2 protocol error / CANCEL / exceeded max attempts(3)
olymmath-OlymMATH-HARD-61-ZH-a0c442ce	olymmath-uenv-20260716_000508-361	olymmath-uenv-20260716_000508	361	OlymMATH-HARD-61-ZH	OlymMATH-ZH-HARD.jsonl	ZH	HARD	几何	olymmath-hard	\left[\frac{2\sqrt{2}}{3},1\right)	244814	5001	episode olymmath-OlymMATH-HARD-61-ZH-a0c442ce exceeded max attempts (3)	http://10.10.20.142:18094/v1	2026-07-16 15:05:08 UTC+08:00	7200	3	dispatch_failed / execute_episode_failed / h2 protocol error / CANCEL / exceeded max attempts(3)
olymmath-OlymMATH-HARD-62-ZH-34b4a28a	olymmath-uenv-20260716_000508-362	olymmath-uenv-20260716_000508	362	OlymMATH-HARD-62-ZH	OlymMATH-ZH-HARD.jsonl	ZH	HARD	数论	olymmath-hard	6 \times 5^{2015}	252054	5001	episode olymmath-OlymMATH-HARD-62-ZH-34b4a28a exceeded max attempts (3)	http://10.10.20.142:18094/v1	2026-07-16 15:05:08 UTC+08:00	7200	3	dispatch_failed / execute_episode_failed / h2 protocol error / CANCEL / exceeded max attempts(3)
olymmath-OlymMATH-HARD-68-ZH-cbb23953	olymmath-uenv-20260716_000508-368	olymmath-uenv-20260716_000508	368	OlymMATH-HARD-68-ZH	OlymMATH-ZH-HARD.jsonl	ZH	HARD	代数	olymmath-hard	1	241428	5001	episode olymmath-OlymMATH-HARD-68-ZH-cbb23953 exceeded max attempts (3)	http://10.10.20.142:18094/v1	2026-07-16 15:05:08 UTC+08:00	7200	3	dispatch_failed / execute_episode_failed / h2 protocol error / CANCEL / exceeded max attempts(3)
olymmath-OlymMATH-HARD-69-ZH-a7dbf597	olymmath-uenv-20260716_000508-369	olymmath-uenv-20260716_000508	369	OlymMATH-HARD-69-ZH	OlymMATH-ZH-HARD.jsonl	ZH	HARD	代数	olymmath-hard	(-1, 1)	245209	5001	episode olymmath-OlymMATH-HARD-69-ZH-a7dbf597 exceeded max attempts (3)	http://10.10.20.142:18094/v1	2026-07-16 15:05:08 UTC+08:00	7200	3	dispatch_failed / execute_episode_failed / h2 protocol error / CANCEL / exceeded max attempts(3)
olymmath-OlymMATH-HARD-70-ZH-fa09d827	olymmath-uenv-20260716_000508-370	olymmath-uenv-20260716_000508	370	OlymMATH-HARD-70-ZH	OlymMATH-ZH-HARD.jsonl	ZH	HARD	数论	olymmath-hard	15	246587	5001	episode olymmath-OlymMATH-HARD-70-ZH-fa09d827 exceeded max attempts (3)	http://10.10.20.142:18094/v1	2026-07-16 15:05:08 UTC+08:00	7200	3	dispatch_failed / execute_episode_failed / h2 protocol error / CANCEL / exceeded max attempts(3)
olymmath-OlymMATH-HARD-72-ZH-0d55b7e5	olymmath-uenv-20260716_000508-372	olymmath-uenv-20260716_000508	372	OlymMATH-HARD-72-ZH	OlymMATH-ZH-HARD.jsonl	ZH	HARD	代数	olymmath-hard	4650	463211	5001	episode olymmath-OlymMATH-HARD-72-ZH-0d55b7e5 exceeded max attempts (3)	http://10.10.20.142:18094/v1	2026-07-16 15:05:08 UTC+08:00	7200	3	dispatch_failed / execute_episode_failed / h2 protocol error / CANCEL / exceeded max attempts(3)
olymmath-OlymMATH-HARD-73-ZH-117b6051	olymmath-uenv-20260716_000508-373	olymmath-uenv-20260716_000508	373	OlymMATH-HARD-73-ZH	OlymMATH-ZH-HARD.jsonl	ZH	HARD	几何	olymmath-hard	\arccos \frac{7}{18}	252316	5001	episode olymmath-OlymMATH-HARD-73-ZH-117b6051 exceeded max attempts (3)	http://10.10.20.142:18094/v1	2026-07-16 15:05:08 UTC+08:00	7200	3	dispatch_failed / execute_episode_failed / h2 protocol error / CANCEL / exceeded max attempts(3)
olymmath-OlymMATH-HARD-74-ZH-2b6914e0	olymmath-uenv-20260716_000508-374	olymmath-uenv-20260716_000508	374	OlymMATH-HARD-74-ZH	OlymMATH-ZH-HARD.jsonl	ZH	HARD	几何	olymmath-hard	126^{\circ}	240678	5001	episode olymmath-OlymMATH-HARD-74-ZH-2b6914e0 exceeded max attempts (3)	http://10.10.20.142:18094/v1	2026-07-16 15:05:08 UTC+08:00	7200	3	dispatch_failed / execute_episode_failed / h2 protocol error / CANCEL / exceeded max attempts(3)
olymmath-OlymMATH-HARD-75-ZH-6302866d	olymmath-uenv-20260716_000508-375	olymmath-uenv-20260716_000508	375	OlymMATH-HARD-75-ZH	OlymMATH-ZH-HARD.jsonl	ZH	HARD	代数	olymmath-hard	504	238649	5001	episode olymmath-OlymMATH-HARD-75-ZH-6302866d exceeded max attempts (3)	http://10.10.20.142:18094/v1	2026-07-16 15:05:08 UTC+08:00	7200	3	dispatch_failed / execute_episode_failed / h2 protocol error / CANCEL / exceeded max attempts(3)
olymmath-OlymMATH-HARD-76-ZH-5592d6cd	olymmath-uenv-20260716_000508-376	olymmath-uenv-20260716_000508	376	OlymMATH-HARD-76-ZH	OlymMATH-ZH-HARD.jsonl	ZH	HARD	几何	olymmath-hard	\left[\frac{2\sqrt{13}+4}{3}, \frac{16}{3}\right)	246473	5001	episode olymmath-OlymMATH-HARD-76-ZH-5592d6cd exceeded max attempts (3)	http://10.10.20.142:18094/v1	2026-07-16 15:05:08 UTC+08:00	7200	3	dispatch_failed / execute_episode_failed / h2 protocol error / CANCEL / exceeded max attempts(3)
olymmath-OlymMATH-HARD-77-ZH-017864e9	olymmath-uenv-20260716_000508-377	olymmath-uenv-20260716_000508	377	OlymMATH-HARD-77-ZH	OlymMATH-ZH-HARD.jsonl	ZH	HARD	几何	olymmath-hard	\frac{\sqrt{2}}{2}	464337	5001	episode olymmath-OlymMATH-HARD-77-ZH-017864e9 exceeded max attempts (3)	http://10.10.20.142:18094/v1	2026-07-16 15:05:08 UTC+08:00	7200	3	dispatch_failed / execute_episode_failed / h2 protocol error / CANCEL / exceeded max attempts(3)
olymmath-OlymMATH-HARD-78-ZH-24da51aa	olymmath-uenv-20260716_000508-378	olymmath-uenv-20260716_000508	378	OlymMATH-HARD-78-ZH	OlymMATH-ZH-HARD.jsonl	ZH	HARD	代数	olymmath-hard	11^8 (5^{11} - 4^{11})	246346	5001	episode olymmath-OlymMATH-HARD-78-ZH-24da51aa exceeded max attempts (3)	http://10.10.20.142:18094/v1	2026-07-16 15:05:08 UTC+08:00	7200	3	dispatch_failed / execute_episode_failed / h2 protocol error / CANCEL / exceeded max attempts(3)
olymmath-OlymMATH-HARD-80-ZH-7db06526	olymmath-uenv-20260716_000508-380	olymmath-uenv-20260716_000508	380	OlymMATH-HARD-80-ZH	OlymMATH-ZH-HARD.jsonl	ZH	HARD	代数	olymmath-hard	210\sqrt{10}+11035	463238	5001	episode olymmath-OlymMATH-HARD-80-ZH-7db06526 exceeded max attempts (3)	http://10.10.20.142:18094/v1	2026-07-16 15:05:08 UTC+08:00	7200	3	dispatch_failed / execute_episode_failed / h2 protocol error / CANCEL / exceeded max attempts(3)
olymmath-OlymMATH-HARD-82-ZH-78406b70	olymmath-uenv-20260716_000508-382	olymmath-uenv-20260716_000508	382	OlymMATH-HARD-82-ZH	OlymMATH-ZH-HARD.jsonl	ZH	HARD	代数	olymmath-hard	0.84	245412	5001	episode olymmath-OlymMATH-HARD-82-ZH-78406b70 exceeded max attempts (3)	http://10.10.20.142:18094/v1	2026-07-16 15:05:08 UTC+08:00	7200	3	dispatch_failed / execute_episode_failed / h2 protocol error / CANCEL / exceeded max attempts(3)
olymmath-OlymMATH-HARD-85-ZH-e1c3ebf0	olymmath-uenv-20260716_000508-385	olymmath-uenv-20260716_000508	385	OlymMATH-HARD-85-ZH	OlymMATH-ZH-HARD.jsonl	ZH	HARD	数论	olymmath-hard	47	246326	5001	episode olymmath-OlymMATH-HARD-85-ZH-e1c3ebf0 exceeded max attempts (3)	http://10.10.20.142:18094/v1	2026-07-16 15:05:08 UTC+08:00	7200	3	dispatch_failed / execute_episode_failed / h2 protocol error / CANCEL / exceeded max attempts(3)
olymmath-OlymMATH-HARD-86-ZH-572acb4a	olymmath-uenv-20260716_000508-386	olymmath-uenv-20260716_000508	386	OlymMATH-HARD-86-ZH	OlymMATH-ZH-HARD.jsonl	ZH	HARD	数论	olymmath-hard	21	247013	5001	episode olymmath-OlymMATH-HARD-86-ZH-572acb4a exceeded max attempts (3)	http://10.10.20.142:18094/v1	2026-07-16 15:05:08 UTC+08:00	7200	3	dispatch_failed / execute_episode_failed / h2 protocol error / CANCEL / exceeded max attempts(3)
olymmath-OlymMATH-HARD-88-ZH-d8740175	olymmath-uenv-20260716_000508-388	olymmath-uenv-20260716_000508	388	OlymMATH-HARD-88-ZH	OlymMATH-ZH-HARD.jsonl	ZH	HARD	组合	olymmath-hard	\frac{47}{70}	238480	5001	episode olymmath-OlymMATH-HARD-88-ZH-d8740175 exceeded max attempts (3)	http://10.10.20.142:18094/v1	2026-07-16 15:05:08 UTC+08:00	7200	3	dispatch_failed / execute_episode_failed / h2 protocol error / CANCEL / exceeded max attempts(3)
olymmath-OlymMATH-HARD-89-ZH-e9bdf15a	olymmath-uenv-20260716_000508-389	olymmath-uenv-20260716_000508	389	OlymMATH-HARD-89-ZH	OlymMATH-ZH-HARD.jsonl	ZH	HARD	代数	olymmath-hard	\frac{3\sqrt{21}}{38416}	241458	5001	episode olymmath-OlymMATH-HARD-89-ZH-e9bdf15a exceeded max attempts (3)	http://10.10.20.142:18094/v1	2026-07-16 15:05:08 UTC+08:00	7200	3	dispatch_failed / execute_episode_failed / h2 protocol error / CANCEL / exceeded max attempts(3)
olymmath-OlymMATH-HARD-90-ZH-b171472d	olymmath-uenv-20260716_000508-390	olymmath-uenv-20260716_000508	390	OlymMATH-HARD-90-ZH	OlymMATH-ZH-HARD.jsonl	ZH	HARD	数论	olymmath-hard	1581330	243422	5001	episode olymmath-OlymMATH-HARD-90-ZH-b171472d exceeded max attempts (3)	http://10.10.20.142:18094/v1	2026-07-16 15:05:08 UTC+08:00	7200	3	dispatch_failed / execute_episode_failed / h2 protocol error / CANCEL / exceeded max attempts(3)
olymmath-OlymMATH-HARD-92-ZH-50ee5ae2	olymmath-uenv-20260716_000508-392	olymmath-uenv-20260716_000508	392	OlymMATH-HARD-92-ZH	OlymMATH-ZH-HARD.jsonl	ZH	HARD	数论	olymmath-hard	\frac{401}{9}	244004	5001	episode olymmath-OlymMATH-HARD-92-ZH-50ee5ae2 exceeded max attempts (3)	http://10.10.20.142:18094/v1	2026-07-16 15:05:08 UTC+08:00	7200	3	dispatch_failed / execute_episode_failed / h2 protocol error / CANCEL / exceeded max attempts(3)
olymmath-OlymMATH-HARD-94-ZH-4a1b401a	olymmath-uenv-20260716_000508-394	olymmath-uenv-20260716_000508	394	OlymMATH-HARD-94-ZH	OlymMATH-ZH-HARD.jsonl	ZH	HARD	数论	olymmath-hard	31	348411	5001	episode olymmath-OlymMATH-HARD-94-ZH-4a1b401a exceeded max attempts (3)	http://10.10.20.142:18094/v1	2026-07-16 15:05:08 UTC+08:00	7200	3	dispatch_failed / execute_episode_failed / h2 protocol error / CANCEL / exceeded max attempts(3)
olymmath-OlymMATH-HARD-95-ZH-a1169843	olymmath-uenv-20260716_000508-395	olymmath-uenv-20260716_000508	395	OlymMATH-HARD-95-ZH	OlymMATH-ZH-HARD.jsonl	ZH	HARD	数论	olymmath-hard	432756	249022	5001	episode olymmath-OlymMATH-HARD-95-ZH-a1169843 exceeded max attempts (3)	http://10.10.20.142:18094/v1	2026-07-16 15:05:08 UTC+08:00	7200	3	dispatch_failed / execute_episode_failed / h2 protocol error / CANCEL / exceeded max attempts(3)
olymmath-OlymMATH-HARD-96-ZH-3d2fb37f	olymmath-uenv-20260716_000508-396	olymmath-uenv-20260716_000508	396	OlymMATH-HARD-96-ZH	OlymMATH-ZH-HARD.jsonl	ZH	HARD	数论	olymmath-hard	2027	242108	5001	episode olymmath-OlymMATH-HARD-96-ZH-3d2fb37f exceeded max attempts (3)	http://10.10.20.142:18094/v1	2026-07-16 15:05:08 UTC+08:00	7200	3	dispatch_failed / execute_episode_failed / h2 protocol error / CANCEL / exceeded max attempts(3)
olymmath-OlymMATH-HARD-97-ZH-7820393e	olymmath-uenv-20260716_000508-397	olymmath-uenv-20260716_000508	397	OlymMATH-HARD-97-ZH	OlymMATH-ZH-HARD.jsonl	ZH	HARD	数论	olymmath-hard	43	280076	5001	episode olymmath-OlymMATH-HARD-97-ZH-7820393e exceeded max attempts (3)	http://10.10.20.142:18094/v1	2026-07-16 15:05:08 UTC+08:00	7200	3	dispatch_failed / execute_episode_failed / h2 protocol error / CANCEL / exceeded max attempts(3)
olymmath-OlymMATH-HARD-98-ZH-b06ff2a0	olymmath-uenv-20260716_000508-398	olymmath-uenv-20260716_000508	398	OlymMATH-HARD-98-ZH	OlymMATH-ZH-HARD.jsonl	ZH	HARD	组合	olymmath-hard	100	271948	5001	episode olymmath-OlymMATH-HARD-98-ZH-b06ff2a0 exceeded max attempts (3)	http://10.10.20.142:18094/v1	2026-07-16 15:05:08 UTC+08:00	7200	3	dispatch_failed / execute_episode_failed / h2 protocol error / CANCEL / exceeded max attempts(3)
olymmath-OlymMATH-HARD-99-ZH-ef76dabc	olymmath-uenv-20260716_000508-399	olymmath-uenv-20260716_000508	399	OlymMATH-HARD-99-ZH	OlymMATH-ZH-HARD.jsonl	ZH	HARD	数论	olymmath-hard	980	251378	5001	episode olymmath-OlymMATH-HARD-99-ZH-ef76dabc exceeded max attempts (3)	http://10.10.20.142:18094/v1	2026-07-16 15:05:08 UTC+08:00	7200	3	dispatch_failed / execute_episode_failed / h2 protocol error / CANCEL / exceeded max attempts(3)
