qid,gold,pred,correct,uenv_reward,uenv_status,uenv_request_id,uenv_error_code,uenv_error_message,elapsed_ms,worker_dataset,worker_expected,response_text
21645374,yes,yes,True,1.0,completed,pubmedqa-21645374-29e0328d,,,1706,pubmedqa,yes,"

yes"
16418930,no,no,True,1.0,completed,pubmedqa-16418930-5f3ca5d1,,,2228,pubmedqa,no,"

no"
9488747,yes,yes,True,1.0,completed,pubmedqa-9488747-13a02f1b,,,5155,pubmedqa,yes,"

yes"
17208539,no,yes,False,0.0,completed,pubmedqa-17208539-077736be,,,5652,pubmedqa,no,"

yes"
10808977,yes,yes,True,1.0,completed,pubmedqa-10808977-3d17610e,,,1912,pubmedqa,yes,"

yes"
23831910,yes,yes,True,1.0,completed,pubmedqa-23831910-d202642a,,,5488,pubmedqa,yes,"

yes"
26037986,maybe,yes,False,0.0,completed,pubmedqa-26037986-18524e49,,,4431,pubmedqa,maybe,"

yes"
26852225,no,yes,False,0.0,completed,pubmedqa-26852225-4f088d5e,,,2234,pubmedqa,no,"

yes"
17113061,no,no,True,1.0,completed,pubmedqa-17113061-862748e4,,,2307,pubmedqa,no,"

no"
10966337,yes,yes,True,1.0,completed,pubmedqa-10966337-023fe0f4,,,1343,pubmedqa,yes,"

yes"
25432938,yes,yes,True,1.0,completed,pubmedqa-25432938-4cb31fee,,,3648,pubmedqa,yes,"

yes"
18847643,no,maybe,False,0.0,completed,pubmedqa-18847643-1ac2998e,,,7325,pubmedqa,no,"

maybe"
18239988,yes,yes,True,1.0,completed,pubmedqa-18239988-22a2141e,,,1472,pubmedqa,yes,"

yes"
25957366,no,no,True,1.0,completed,pubmedqa-25957366-82ec49bc,,,1850,pubmedqa,no,"

no"
24866606,yes,yes,True,1.0,completed,pubmedqa-24866606-5ed195e1,,,1713,pubmedqa,yes,"

yes"
26578404,yes,yes,True,1.0,completed,pubmedqa-26578404-18319f04,,,3437,pubmedqa,yes,"

yes"
11729377,yes,yes,True,1.0,completed,pubmedqa-11729377-38d2126f,,,5017,pubmedqa,yes,"

yes"
17096624,yes,yes,True,1.0,completed,pubmedqa-17096624-aab8e926,,,1375,pubmedqa,yes,"

yes"
22694248,yes,yes,True,1.0,completed,pubmedqa-22694248-0c913083,,,1312,pubmedqa,yes,"

yes"
22990761,yes,yes,True,1.0,completed,pubmedqa-22990761-de257e6d,,,1915,pubmedqa,yes,"

yes"
19394934,yes,yes,True,1.0,completed,pubmedqa-19394934-f1749d39,,,5765,pubmedqa,yes,"

yes"
11481599,yes,yes,True,1.0,completed,pubmedqa-11481599-c1d9d547,,,1580,pubmedqa,yes,"

yes"
21669959,yes,yes,True,1.0,completed,pubmedqa-21669959-6f69feed,,,3251,pubmedqa,yes,"

yes"
23806388,yes,yes,True,1.0,completed,pubmedqa-23806388-a9909a06,,,2242,pubmedqa,yes,"

yes"
17919952,yes,yes,True,1.0,completed,pubmedqa-17919952-b3fc4c7d,,,5758,pubmedqa,yes,"

yes"
10966943,no,no,True,1.0,completed,pubmedqa-10966943-5ba65e57,,,3844,pubmedqa,no,"

no"
23690198,yes,no,False,0.0,completed,pubmedqa-23690198-489be608,,,8294,pubmedqa,yes,"

no"
17940352,maybe,yes,False,0.0,completed,pubmedqa-17940352-fa305122,,,1381,pubmedqa,maybe,"

yes"
20537205,yes,yes,True,1.0,completed,pubmedqa-20537205-c7e7d22c,,,1796,pubmedqa,yes,"

yes"
28707539,yes,yes,True,1.0,completed,pubmedqa-28707539-cdbd99cb,,,1881,pubmedqa,yes,"

yes"
7482275,no,no,True,1.0,completed,pubmedqa-7482275-1aec2e98,,,3608,pubmedqa,no,"

no"
24183388,maybe,yes,False,0.0,completed,pubmedqa-24183388-0ef2921d,,,1612,pubmedqa,maybe,"

yes"
9645785,no,no,True,1.0,completed,pubmedqa-9645785-f3b6453e,,,3323,pubmedqa,no,"

no"
26298839,yes,yes,True,1.0,completed,pubmedqa-26298839-a302f2d2,,,2002,pubmedqa,yes,"

yes"
24153338,yes,yes,True,1.0,completed,pubmedqa-24153338-716dc32a,,,2979,pubmedqa,yes,"

yes"
18534072,no,no,True,1.0,completed,pubmedqa-18534072-b6a231e2,,,3004,pubmedqa,no,"

no"
8847047,no,no,True,1.0,completed,pubmedqa-8847047-8907f988,,,4639,pubmedqa,no,"

no"
10575390,no,no,True,1.0,completed,pubmedqa-10575390-5d0c376d,,,6642,pubmedqa,no,"

no"
20084845,yes,yes,True,1.0,completed,pubmedqa-20084845-53eca019,,,4199,pubmedqa,yes,"

yes"
15703931,no,no,True,1.0,completed,pubmedqa-15703931-e7b29cd3,,,1971,pubmedqa,no,"

no"
18269157,yes,yes,True,1.0,completed,pubmedqa-18269157-2b281d2b,,,1963,pubmedqa,yes,"

yes"
25489696,yes,yes,True,1.0,completed,pubmedqa-25489696-c37a7a0e,,,1629,pubmedqa,yes,"

yes"
14599616,maybe,yes,False,0.0,completed,pubmedqa-14599616-d88cf772,,,7579,pubmedqa,maybe,"

yes"
22537902,no,no,True,1.0,completed,pubmedqa-22537902-deabfcf5,,,5048,pubmedqa,no,"

no"
19054501,yes,yes,True,1.0,completed,pubmedqa-19054501-efa20d38,,,8372,pubmedqa,yes,"

yes"
16432652,yes,yes,True,1.0,completed,pubmedqa-16432652-7bf05d0f,,,1236,pubmedqa,yes,"

yes"
19504993,yes,yes,True,1.0,completed,pubmedqa-19504993-09f2a1cc,,,1199,pubmedqa,yes,"

yes"
20571467,yes,yes,True,1.0,completed,pubmedqa-20571467-9aa0a466,,,2882,pubmedqa,yes,"

yes"
24237112,yes,yes,True,1.0,completed,pubmedqa-24237112-57416cab,,,1705,pubmedqa,yes,"

yes"
21402341,no,no,True,1.0,completed,pubmedqa-21402341-1be68fc0,,,4220,pubmedqa,no,"

no"
20082356,maybe,yes,False,0.0,completed,pubmedqa-20082356-c4d2e406,,,4016,pubmedqa,maybe,"

yes"
26606599,maybe,yes,False,0.0,completed,pubmedqa-26606599-d0cedd70,,,5275,pubmedqa,maybe,"

yes"
11340218,no,maybe,False,0.0,completed,pubmedqa-11340218-fd820c2e,,,8380,pubmedqa,no,"

maybe"
25481573,yes,yes,True,1.0,completed,pubmedqa-25481573-c9b66192,,,3717,pubmedqa,yes,"

yes"
25277731,maybe,yes,False,0.0,completed,pubmedqa-25277731-1460d714,,,3441,pubmedqa,maybe,"

yes"
25475395,yes,yes,True,1.0,completed,pubmedqa-25475395-57f4d2de,,,2195,pubmedqa,yes,"

yes"
23177368,no,no,True,1.0,completed,pubmedqa-23177368-132a0edf,,,1406,pubmedqa,no,"

no"
17179167,maybe,no,False,0.0,completed,pubmedqa-17179167-d68c260a,,,5243,pubmedqa,maybe,"

no"
14612308,no,yes,False,0.0,completed,pubmedqa-14612308-6a66b896,,,5035,pubmedqa,no,"

yes"
27491658,yes,yes,True,1.0,completed,pubmedqa-27491658-983c0aec,,,1204,pubmedqa,yes,"

yes"
19822586,yes,yes,True,1.0,completed,pubmedqa-19822586-e69b4435,,,3360,pubmedqa,yes,"

yes"
27643961,no,no,True,1.0,completed,pubmedqa-27643961-29359d8f,,,6313,pubmedqa,no,"

no"
23539689,yes,yes,True,1.0,completed,pubmedqa-23539689-26405fe8,,,1192,pubmedqa,yes,"

yes"
22453060,yes,yes,True,1.0,completed,pubmedqa-22453060-5fe91c54,,,1431,pubmedqa,yes,"

yes"
22227642,no,yes,False,0.0,completed,pubmedqa-22227642-cbd4ebbd,,,3328,pubmedqa,no,"

yes"
12380309,no,no,True,1.0,completed,pubmedqa-12380309-904f52d4,,,2055,pubmedqa,no,"

no"
22186742,no,no,True,1.0,completed,pubmedqa-22186742-88a9b765,,,2220,pubmedqa,no,"

no"
22188074,yes,yes,True,1.0,completed,pubmedqa-22188074-ba6ce19f,,,1812,pubmedqa,yes,"

yes"
27989969,no,no,True,1.0,completed,pubmedqa-27989969-3b26d388,,,1903,pubmedqa,no,"

no"
18607272,yes,yes,True,1.0,completed,pubmedqa-18607272-1349e100,,,1735,pubmedqa,yes,"

yes"
18235194,maybe,no,False,0.0,completed,pubmedqa-18235194-9f9096e3,,,3162,pubmedqa,maybe,"

no"
18049437,yes,yes,True,1.0,completed,pubmedqa-18049437-5c179569,,,4053,pubmedqa,yes,"

yes"
15597845,yes,yes,True,1.0,completed,pubmedqa-15597845-03434e4e,,,3000,pubmedqa,yes,"

yes"
24996865,yes,yes,True,1.0,completed,pubmedqa-24996865-1a2876d4,,,4318,pubmedqa,yes,"

yes"
23361217,yes,yes,True,1.0,completed,pubmedqa-23361217-40de0163,,,1934,pubmedqa,yes,"

yes"
17489316,maybe,yes,False,0.0,completed,pubmedqa-17489316-e3930f98,,,2973,pubmedqa,maybe,"

yes"
14518645,yes,yes,True,1.0,completed,pubmedqa-14518645-85599bd6,,,4664,pubmedqa,yes,"

yes"
20337202,maybe,yes,False,0.0,completed,pubmedqa-20337202-4942d3ff,,,6361,pubmedqa,maybe,"

yes"
26449554,yes,yes,True,1.0,completed,pubmedqa-26449554-d7bfead9,,,3076,pubmedqa,yes,"

yes"
26215326,yes,yes,True,1.0,completed,pubmedqa-26215326-bb515142,,,1552,pubmedqa,yes,"

yes"
29112560,yes,yes,True,1.0,completed,pubmedqa-29112560-0578828d,,,2692,pubmedqa,yes,"

yes"
24315783,yes,yes,True,1.0,completed,pubmedqa-24315783-561caccf,,,6337,pubmedqa,yes,"

yes"
9381529,yes,yes,True,1.0,completed,pubmedqa-9381529-1bcf41bb,,,1925,pubmedqa,yes,"

yes"
8985020,yes,yes,True,1.0,completed,pubmedqa-8985020-b76863cd,,,1526,pubmedqa,yes,"

yes"
26708803,maybe,yes,False,0.0,completed,pubmedqa-26708803-0fe11f92,,,2664,pubmedqa,maybe,"

yes"
22427593,maybe,yes,False,0.0,completed,pubmedqa-22427593-b5702390,,,4276,pubmedqa,maybe,"

yes"
11570976,maybe,no,False,0.0,completed,pubmedqa-11570976-0e1e5747,,,1876,pubmedqa,maybe,"

no"
19757704,yes,yes,True,1.0,completed,pubmedqa-19757704-645414fa,,,1941,pubmedqa,yes,"

yes"
27592038,yes,yes,True,1.0,completed,pubmedqa-27592038-0fcf6615,,,1628,pubmedqa,yes,"

yes"
27044366,maybe,no,False,0.0,completed,pubmedqa-27044366-f1cbcef3,,,5147,pubmedqa,maybe,"

no"
9792366,yes,yes,True,1.0,completed,pubmedqa-9792366-5714dd29,,,1685,pubmedqa,yes,"

yes"
17562682,maybe,no,False,0.0,completed,pubmedqa-17562682-69e297e5,,,4444,pubmedqa,maybe,"

no"
15800018,yes,yes,True,1.0,completed,pubmedqa-15800018-d4e7cc20,,,3481,pubmedqa,yes,"

yes"
14978612,yes,yes,True,1.0,completed,pubmedqa-14978612-bbe5ef8d,,,1291,pubmedqa,yes,"

yes"
18843057,no,no,True,1.0,completed,pubmedqa-18843057-b8567bac,,,3789,pubmedqa,no,"

no"
23076787,no,no,True,1.0,completed,pubmedqa-23076787-3b0f8e54,,,4235,pubmedqa,no,"

no"
9199905,yes,yes,True,1.0,completed,pubmedqa-9199905-efa139c1,,,1847,pubmedqa,yes,"

yes"
23999452,yes,yes,True,1.0,completed,pubmedqa-23999452-6cd077c7,,,1895,pubmedqa,yes,"

yes"
22534881,no,no,True,1.0,completed,pubmedqa-22534881-a9249097,,,2296,pubmedqa,no,"

no"
24785562,yes,yes,True,1.0,completed,pubmedqa-24785562-10b358fd,,,1809,pubmedqa,yes,"

yes"
22564465,yes,yes,True,1.0,completed,pubmedqa-22564465-c438ec55,,,5165,pubmedqa,yes,"

yes"
27456836,yes,yes,True,1.0,completed,pubmedqa-27456836-b254d2ea,,,1388,pubmedqa,yes,"

yes"
27287237,yes,yes,True,1.0,completed,pubmedqa-27287237-16f5d0e5,,,1929,pubmedqa,yes,"

yes"
14697414,yes,yes,True,1.0,completed,pubmedqa-14697414-dea2ab7b,,,2148,pubmedqa,yes,"

yes"
26686513,maybe,yes,False,0.0,completed,pubmedqa-26686513-7d4cf7e5,,,6132,pubmedqa,maybe,"

yes"
15530261,yes,yes,True,1.0,completed,pubmedqa-15530261-a9d4b100,,,2860,pubmedqa,yes,"

yes"
24160268,maybe,no,False,0.0,completed,pubmedqa-24160268-43ef9851,,,6979,pubmedqa,maybe,"

no"
21823940,no,yes,False,0.0,completed,pubmedqa-21823940-d29a603a,,,6755,pubmedqa,no,"

yes"
27217036,yes,no,False,0.0,completed,pubmedqa-27217036-ec4c2c64,,,4673,pubmedqa,yes,"

no"
18565233,yes,maybe,False,0.0,completed,pubmedqa-18565233-894ab6b0,,,9584,pubmedqa,yes,"

maybe"
19694846,maybe,no,False,0.0,completed,pubmedqa-19694846-90bc332a,,,869,pubmedqa,maybe,"

no"
27184293,maybe,no,False,0.0,completed,pubmedqa-27184293-0251f6de,,,3118,pubmedqa,maybe,"

no"
19459018,no,no,True,1.0,completed,pubmedqa-19459018-675decd1,,,4382,pubmedqa,no,"

no"
22042121,no,no,True,1.0,completed,pubmedqa-22042121-6e014c53,,,4725,pubmedqa,no,"

no"
16100194,no,no,True,1.0,completed,pubmedqa-16100194-8b4937f5,,,1846,pubmedqa,no,"

no"
25480629,maybe,yes,False,0.0,completed,pubmedqa-25480629-68b62471,,,1322,pubmedqa,maybe,"

yes"
17453263,yes,yes,True,1.0,completed,pubmedqa-17453263-0485d93f,,,2096,pubmedqa,yes,"

yes"
18322741,yes,yes,True,1.0,completed,pubmedqa-18322741-6da32e48,,,1515,pubmedqa,yes,"

yes"
19106867,yes,yes,True,1.0,completed,pubmedqa-19106867-c23b0986,,,6509,pubmedqa,yes,"

yes"
25691513,yes,yes,True,1.0,completed,pubmedqa-25691513-923bc8b8,,,3137,pubmedqa,yes,"

yes"
11035130,yes,yes,True,1.0,completed,pubmedqa-11035130-c9dfab0a,,,5391,pubmedqa,yes,"

yes"
19409117,yes,yes,True,1.0,completed,pubmedqa-19409117-619a6ced,,,1835,pubmedqa,yes,"

yes"
21900017,yes,yes,True,1.0,completed,pubmedqa-21900017-18147279,,,1340,pubmedqa,yes,"

yes"
16968876,maybe,yes,False,0.0,completed,pubmedqa-16968876-4dfb8ed1,,,1589,pubmedqa,maybe,"

yes"
18540901,yes,yes,True,1.0,completed,pubmedqa-18540901-fe4620dd,,,1795,pubmedqa,yes,"

yes"
27448572,yes,yes,True,1.0,completed,pubmedqa-27448572-272b5c01,,,1876,pubmedqa,yes,"

yes"
17621202,maybe,yes,False,0.0,completed,pubmedqa-17621202-b90188c3,,,1644,pubmedqa,maybe,"

yes"
25987398,maybe,yes,False,0.0,completed,pubmedqa-25987398-2d654dfd,,,4070,pubmedqa,maybe,"

yes"
16816043,maybe,yes,False,0.0,completed,pubmedqa-16816043-07147251,,,11433,pubmedqa,maybe,"

yes"
12920330,maybe,yes,False,0.0,completed,pubmedqa-12920330-8d49d106,,,4552,pubmedqa,maybe,"

yes"
23497210,no,yes,False,0.0,completed,pubmedqa-23497210-f6ad775e,,,1980,pubmedqa,no,"

yes"
21952349,yes,maybe,False,0.0,completed,pubmedqa-21952349-02f5e215,,,7485,pubmedqa,yes,"

maybe"
21712147,no,no,True,1.0,completed,pubmedqa-21712147-e04c374d,,,2494,pubmedqa,no,"

no"
25311479,yes,yes,True,1.0,completed,pubmedqa-25311479-64352b6b,,,2005,pubmedqa,yes,"

yes"
20602784,yes,yes,True,1.0,completed,pubmedqa-20602784-891f7c9e,,,1565,pubmedqa,yes,"

yes"
12836106,yes,yes,True,1.0,completed,pubmedqa-12836106-15575507,,,1388,pubmedqa,yes,"

yes"
25588461,yes,yes,True,1.0,completed,pubmedqa-25588461-da3e3dba,,,4748,pubmedqa,yes,"

yes"
19299238,yes,maybe,False,0.0,completed,pubmedqa-19299238-b7d729c5,,,11815,pubmedqa,yes,"

maybe"
22706226,maybe,yes,False,0.0,completed,pubmedqa-22706226-15c1bbfd,,,2539,pubmedqa,maybe,"

yes"
12913878,yes,yes,True,1.0,completed,pubmedqa-12913878-5468b7ab,,,2600,pubmedqa,yes,"

yes"
16769333,yes,yes,True,1.0,completed,pubmedqa-16769333-8d09fcde,,,1569,pubmedqa,yes,"

yes"
22497340,yes,yes,True,1.0,completed,pubmedqa-22497340-189ea615,,,2106,pubmedqa,yes,"

yes"
10223070,maybe,yes,False,0.0,completed,pubmedqa-10223070-23454f5e,,,3082,pubmedqa,maybe,"

yes"
8566975,no,no,True,1.0,completed,pubmedqa-8566975-27b3879a,,,2057,pubmedqa,no,"

no"
25186850,yes,yes,True,1.0,completed,pubmedqa-25186850-8f9b958f,,,4764,pubmedqa,yes,"

yes"
9427037,yes,yes,True,1.0,completed,pubmedqa-9427037-8c563b05,,,1714,pubmedqa,yes,"

yes"
28359277,no,maybe,False,0.0,completed,pubmedqa-28359277-c2034b90,,,5786,pubmedqa,no,"

maybe"
11411430,maybe,yes,False,0.0,completed,pubmedqa-11411430-f8d351de,,,9206,pubmedqa,maybe,"

yes"
16956164,yes,yes,True,1.0,completed,pubmedqa-16956164-a76c1c27,,,1340,pubmedqa,yes,"

yes"
15687156,no,yes,False,0.0,completed,pubmedqa-15687156-fcc29ea0,,,1929,pubmedqa,no,"

yes"
28127977,no,no,True,1.0,completed,pubmedqa-28127977-eced70e2,,,1618,pubmedqa,no,"

no"
16809243,no,no,True,1.0,completed,pubmedqa-16809243-1bc17c6c,,,1399,pubmedqa,no,"

no"
17276182,yes,yes,True,1.0,completed,pubmedqa-17276182-90c0d22e,,,2976,pubmedqa,yes,"

yes"
21123461,yes,yes,True,1.0,completed,pubmedqa-21123461-f2be4621,,,2019,pubmedqa,yes,"

yes"
22428608,yes,yes,True,1.0,completed,pubmedqa-22428608-23813d38,,,1154,pubmedqa,yes,"

yes"
27858166,yes,yes,True,1.0,completed,pubmedqa-27858166-a483940c,,,1455,pubmedqa,yes,"

yes"
23791827,yes,yes,True,1.0,completed,pubmedqa-23791827-457abfcb,,,1798,pubmedqa,yes,"

yes"
18243752,maybe,maybe,True,1.0,completed,pubmedqa-18243752-d25877be,,,10358,pubmedqa,maybe,"

maybe"
17279467,maybe,no,False,0.0,completed,pubmedqa-17279467-e93d5f03,,,3332,pubmedqa,maybe,"

no"
22758782,no,no,True,1.0,completed,pubmedqa-22758782-534818c0,,,2193,pubmedqa,no,"

no"
15223725,yes,yes,True,1.0,completed,pubmedqa-15223725-4487b446,,,1622,pubmedqa,yes,"

yes"
19482903,yes,yes,True,1.0,completed,pubmedqa-19482903-3104ecbf,,,5680,pubmedqa,yes,"

yes"
25752912,no,no,True,1.0,completed,pubmedqa-25752912-8cd54fdb,,,2152,pubmedqa,no,"

no"
21946341,no,no,True,1.0,completed,pubmedqa-21946341-1a1fd821,,,1558,pubmedqa,no,"

no"
16428354,yes,yes,True,1.0,completed,pubmedqa-16428354-bea32497,,,1342,pubmedqa,yes,"

yes"
19302863,yes,yes,True,1.0,completed,pubmedqa-19302863-0abcdbed,,,3261,pubmedqa,yes,"

yes"
24245816,yes,yes,True,1.0,completed,pubmedqa-24245816-491b02eb,,,1839,pubmedqa,yes,"

yes"
24666444,no,no,True,1.0,completed,pubmedqa-24666444-e9a46614,,,4366,pubmedqa,no,"

no"
19913785,no,no,True,1.0,completed,pubmedqa-19913785-60d3d218,,,1461,pubmedqa,no,"

no"
1571683,maybe,yes,False,0.0,completed,pubmedqa-1571683-fd9c08d6,,,3187,pubmedqa,maybe,"

yes"
15631914,no,no,True,1.0,completed,pubmedqa-15631914-5e65d041,,,1730,pubmedqa,no,"

no"
11970923,yes,no,False,0.0,completed,pubmedqa-11970923-908b4003,,,5005,pubmedqa,yes,"

no"
20121683,yes,yes,True,1.0,completed,pubmedqa-20121683-954a748f,,,2863,pubmedqa,yes,"

yes"
27281318,yes,yes,True,1.0,completed,pubmedqa-27281318-8672ec75,,,2709,pubmedqa,yes,"

yes"
12846929,yes,yes,True,1.0,completed,pubmedqa-12846929-cdbf2184,,,4110,pubmedqa,yes,"

yes"
26505821,maybe,yes,False,0.0,completed,pubmedqa-26505821-fe6524c2,,,2156,pubmedqa,maybe,"

yes"
25156467,yes,yes,True,1.0,completed,pubmedqa-25156467-7a79ca26,,,1570,pubmedqa,yes,"

yes"
22023714,no,no,True,1.0,completed,pubmedqa-22023714-6693188f,,,1539,pubmedqa,no,"

no"
16046584,yes,yes,True,1.0,completed,pubmedqa-16046584-cc5e69db,,,2652,pubmedqa,yes,"

yes"
16155169,no,no,True,1.0,completed,pubmedqa-16155169-b8606cc4,,,1704,pubmedqa,no,"

no"
19398929,no,no,True,1.0,completed,pubmedqa-19398929-b82c5d58,,,1310,pubmedqa,no,"

no"
28143468,yes,yes,True,1.0,completed,pubmedqa-28143468-1496ce58,,,2659,pubmedqa,yes,"

yes"
9483814,yes,no,False,0.0,completed,pubmedqa-9483814-beb3706f,,,2090,pubmedqa,yes,"

no"
22720085,yes,yes,True,1.0,completed,pubmedqa-22720085-aae4e6f5,,,1792,pubmedqa,yes,"

yes"
24748473,yes,yes,True,1.0,completed,pubmedqa-24748473-ffb5d498,,,1311,pubmedqa,yes,"

yes"
15588538,no,no,True,1.0,completed,pubmedqa-15588538-6045c07d,,,6513,pubmedqa,no,"

no"
22211919,maybe,yes,False,0.0,completed,pubmedqa-22211919-07cae64d,,,1696,pubmedqa,maybe,"

yes"
24433626,yes,yes,True,1.0,completed,pubmedqa-24433626-25027070,,,3840,pubmedqa,yes,"

yes"
9542484,no,no,True,1.0,completed,pubmedqa-9542484-aa0184e7,,,2410,pubmedqa,no,"

no"
17008699,no,no,True,1.0,completed,pubmedqa-17008699-196c83b9,,,1561,pubmedqa,no,"

no"
23228527,no,no,True,1.0,completed,pubmedqa-23228527-0c5efa27,,,1538,pubmedqa,no,"

no"
15489384,yes,yes,True,1.0,completed,pubmedqa-15489384-6b265c46,,,2161,pubmedqa,yes,"

yes"
17444776,yes,yes,True,1.0,completed,pubmedqa-17444776-8e456c43,,,7918,pubmedqa,yes,"

yes"
8422202,no,no,True,1.0,completed,pubmedqa-8422202-9b7dad0a,,,3995,pubmedqa,no,"

no"
23794696,no,no,True,1.0,completed,pubmedqa-23794696-98f0b6e2,,,1475,pubmedqa,no,"

no"
20549895,no,no,True,1.0,completed,pubmedqa-20549895-74278173,,,3495,pubmedqa,no,"

no"
18714572,maybe,no,False,0.0,completed,pubmedqa-18714572-1e6d3fae,,,6667,pubmedqa,maybe,"

no"
2224269,yes,yes,True,1.0,completed,pubmedqa-2224269-449b3065,,,3829,pubmedqa,yes,"

yes"
8910148,yes,yes,True,1.0,completed,pubmedqa-8910148-c2b0f2b3,,,2727,pubmedqa,yes,"

yes"
23899611,yes,yes,True,1.0,completed,pubmedqa-23899611-77738424,,,1408,pubmedqa,yes,"

yes"
10548670,yes,yes,True,1.0,completed,pubmedqa-10548670-b8cba44d,,,3589,pubmedqa,yes,"

yes"
26907557,yes,yes,True,1.0,completed,pubmedqa-26907557-1a61d0dc,,,1574,pubmedqa,yes,"

yes"
20871246,maybe,maybe,True,1.0,completed,pubmedqa-20871246-eefd8eb8,,,7544,pubmedqa,maybe,"

maybe"
22876568,no,no,True,1.0,completed,pubmedqa-22876568-8823f5a5,,,2131,pubmedqa,no,"

no"
15280782,no,no,True,1.0,completed,pubmedqa-15280782-91fb679f,,,1082,pubmedqa,no,"

no"
17502203,no,no,True,1.0,completed,pubmedqa-17502203-78977fdf,,,2179,pubmedqa,no,"

no"
26370095,yes,maybe,False,0.0,completed,pubmedqa-26370095-f04dba65,,,3594,pubmedqa,yes,"

maybe"
10354335,yes,yes,True,1.0,completed,pubmedqa-10354335-b501c2d5,,,1379,pubmedqa,yes,"

yes"
26452334,yes,no,False,0.0,completed,pubmedqa-26452334-543d9987,,,8842,pubmedqa,yes,"

no"
15065192,yes,yes,True,1.0,completed,pubmedqa-15065192-88703a7e,,,1485,pubmedqa,yes,"

yes"
25488308,no,yes,False,0.0,completed,pubmedqa-25488308-603af444,,,2246,pubmedqa,no,"

yes"
22449464,yes,yes,True,1.0,completed,pubmedqa-22449464-327936a6,,,1729,pubmedqa,yes,"

yes"
26222664,yes,yes,True,1.0,completed,pubmedqa-26222664-11df0ebd,,,1564,pubmedqa,yes,"

yes"
22617083,yes,no,False,0.0,completed,pubmedqa-22617083-44b6b469,,,4319,pubmedqa,yes,"

no"
9767546,yes,yes,True,1.0,completed,pubmedqa-9767546-ae3e8220,,,4854,pubmedqa,yes,"

yes"
21214884,no,no,True,1.0,completed,pubmedqa-21214884-5df57315,,,1181,pubmedqa,no,"

no"
23321509,yes,yes,True,1.0,completed,pubmedqa-23321509-67452f73,,,2830,pubmedqa,yes,"

yes"
16827975,no,no,True,1.0,completed,pubmedqa-16827975-26c123fa,,,7337,pubmedqa,no,"

no"
18179827,yes,yes,True,1.0,completed,pubmedqa-18179827-44f0babc,,,4797,pubmedqa,yes,"

yes"
14872327,yes,yes,True,1.0,completed,pubmedqa-14872327-407d7dcb,,,2672,pubmedqa,yes,"

yes"
24809662,no,no,True,1.0,completed,pubmedqa-24809662-d47b7dcd,,,1885,pubmedqa,no,"

no"
26485091,no,no,True,1.0,completed,pubmedqa-26485091-872c0c34,,,2071,pubmedqa,no,"

no"
12805495,maybe,maybe,True,1.0,completed,pubmedqa-12805495-5949dbad,,,6449,pubmedqa,maybe,"

maybe"
19925761,no,no,True,1.0,completed,pubmedqa-19925761-21fcd4e0,,,1612,pubmedqa,no,"

no"
11458136,maybe,no,False,0.0,completed,pubmedqa-11458136-cb4a84cd,,,1794,pubmedqa,maybe,"

no"
20382292,yes,yes,True,1.0,completed,pubmedqa-20382292-96e94102,,,1147,pubmedqa,yes,"

yes"
22236315,no,yes,False,0.0,completed,pubmedqa-22236315-622b451a,,,1941,pubmedqa,no,"

yes"
17051586,no,no,True,1.0,completed,pubmedqa-17051586-70340efa,,,1066,pubmedqa,no,"

no"
25007420,maybe,yes,False,0.0,completed,pubmedqa-25007420-bfdb9cbb,,,5660,pubmedqa,maybe,"

yes"
26556589,no,no,True,1.0,completed,pubmedqa-26556589-ad0b90db,,,2076,pubmedqa,no,"

no"
12612531,yes,maybe,False,0.0,completed,pubmedqa-12612531-4ae97eb6,,,6964,pubmedqa,yes,"

maybe"
26194560,yes,yes,True,1.0,completed,pubmedqa-26194560-a4d18da9,,,4576,pubmedqa,yes,"

yes"
11079675,yes,yes,True,1.0,completed,pubmedqa-11079675-6ea40786,,,4071,pubmedqa,yes,"

yes"
21459725,no,no,True,1.0,completed,pubmedqa-21459725-f580fcff,,,2453,pubmedqa,no,"

no"
21172844,yes,yes,True,1.0,completed,pubmedqa-21172844-4ffc1064,,,1564,pubmedqa,yes,"

yes"
24946973,maybe,no,False,0.0,completed,pubmedqa-24946973-49162b32,,,3878,pubmedqa,maybe,"

no"
17335331,yes,no,False,0.0,completed,pubmedqa-17335331-86905edd,,,7018,pubmedqa,yes,"

no"
27581329,yes,no,False,0.0,completed,pubmedqa-27581329-559aa908,,,3562,pubmedqa,yes,"

no"
11867487,maybe,no,False,0.0,completed,pubmedqa-11867487-a1b32e75,,,9979,pubmedqa,maybe,"

no"
12765819,yes,yes,True,1.0,completed,pubmedqa-12765819-495ddd06,,,1740,pubmedqa,yes,"

yes"
24507422,yes,yes,True,1.0,completed,pubmedqa-24507422-189d06c3,,,2046,pubmedqa,yes,"

yes"
9854965,yes,yes,True,1.0,completed,pubmedqa-9854965-19212b25,,,3543,pubmedqa,yes,"

yes"
21756515,maybe,no,False,0.0,completed,pubmedqa-21756515-9b559c70,,,2355,pubmedqa,maybe,"

no"
19131405,yes,yes,True,1.0,completed,pubmedqa-19131405-5f85b0e2,,,2624,pubmedqa,yes,"

yes"
18568290,maybe,yes,False,0.0,completed,pubmedqa-18568290-95890fa9,,,1503,pubmedqa,maybe,"

yes"
18667100,no,no,True,1.0,completed,pubmedqa-18667100-b7e51ae2,,,1573,pubmedqa,no,"

no"
9191526,yes,yes,True,1.0,completed,pubmedqa-9191526-32f01946,,,1664,pubmedqa,yes,"

yes"
10605400,maybe,no,False,0.0,completed,pubmedqa-10605400-a1175ab7,,,7406,pubmedqa,maybe,"

no"
17601244,yes,yes,True,1.0,completed,pubmedqa-17601244-e0da65f5,,,1268,pubmedqa,yes,"

yes"
20608141,no,no,True,1.0,completed,pubmedqa-20608141-6e5d40d8,,,3187,pubmedqa,no,"

no"
25986020,yes,yes,True,1.0,completed,pubmedqa-25986020-33cbe12e,,,1454,pubmedqa,yes,"

yes"
15670262,yes,yes,True,1.0,completed,pubmedqa-15670262-0c620044,,,1871,pubmedqa,yes,"

yes"
22900881,no,yes,False,0.0,completed,pubmedqa-22900881-5879eccd,,,5970,pubmedqa,no,"

yes"
11413427,no,no,True,1.0,completed,pubmedqa-11413427-106c1ab7,,,1887,pubmedqa,no,"

no"
9602458,no,no,True,1.0,completed,pubmedqa-9602458-08ee23ce,,,3057,pubmedqa,no,"

no"
24434052,maybe,yes,False,0.0,completed,pubmedqa-24434052-d1b9c717,,,1655,pubmedqa,maybe,"

yes"
17598882,yes,yes,True,1.0,completed,pubmedqa-17598882-e1105b1b,,,1846,pubmedqa,yes,"

yes"
21190419,no,no,True,1.0,completed,pubmedqa-21190419-ab9aab45,,,1737,pubmedqa,no,"

no"
16403186,no,no,True,1.0,completed,pubmedqa-16403186-97b9b3a2,,,2235,pubmedqa,no,"

no"
11888773,no,yes,False,0.0,completed,pubmedqa-11888773-24e1e904,,,7228,pubmedqa,no,"

yes"
25940336,yes,yes,True,1.0,completed,pubmedqa-25940336-b16a9913,,,1182,pubmedqa,yes,"

yes"
24014276,yes,yes,True,1.0,completed,pubmedqa-24014276-fbf750c2,,,2103,pubmedqa,yes,"

yes"
18359123,no,maybe,False,0.0,completed,pubmedqa-18359123-5bef448e,,,4282,pubmedqa,no,"

maybe"
26113007,no,no,True,1.0,completed,pubmedqa-26113007-3cd3004d,,,1125,pubmedqa,no,"

no"
11838307,no,no,True,1.0,completed,pubmedqa-11838307-d2d6d2f8,,,1324,pubmedqa,no,"

no"
18222909,yes,yes,True,1.0,completed,pubmedqa-18222909-e287c2de,,,1822,pubmedqa,yes,"

yes"
24747511,yes,yes,True,1.0,completed,pubmedqa-24747511-c3dfe513,,,3975,pubmedqa,yes,"

yes"
12407608,maybe,yes,False,0.0,completed,pubmedqa-12407608-d74d73bf,,,1829,pubmedqa,maybe,"

yes"
19836806,no,no,True,1.0,completed,pubmedqa-19836806-3931322d,,,1448,pubmedqa,no,"

no"
17076091,maybe,yes,False,0.0,completed,pubmedqa-17076091-09059fe8,,,2137,pubmedqa,maybe,"

yes"
21801416,yes,yes,True,1.0,completed,pubmedqa-21801416-63ebfb3b,,,2576,pubmedqa,yes,"

yes"
25819796,yes,yes,True,1.0,completed,pubmedqa-25819796-be377b83,,,3865,pubmedqa,yes,"

yes"
18496363,no,no,True,1.0,completed,pubmedqa-18496363-bb64f0e3,,,4756,pubmedqa,no,"

no"
14551704,yes,yes,True,1.0,completed,pubmedqa-14551704-4f6bb154,,,2353,pubmedqa,yes,"

yes"
23234860,no,no,True,1.0,completed,pubmedqa-23234860-81c34f86,,,967,pubmedqa,no,"

no"
22532370,yes,yes,True,1.0,completed,pubmedqa-22532370-226978f5,,,1384,pubmedqa,yes,"

yes"
22656647,yes,yes,True,1.0,completed,pubmedqa-22656647-e6fcd538,,,2966,pubmedqa,yes,"

yes"
22683044,yes,yes,True,1.0,completed,pubmedqa-22683044-ca20eb0b,,,4048,pubmedqa,yes,"

yes"
11566686,yes,yes,True,1.0,completed,pubmedqa-11566686-b520a5c2,,,6136,pubmedqa,yes,"

yes"
15502995,no,no,True,1.0,completed,pubmedqa-15502995-7550763a,,,3683,pubmedqa,no,"

no"
24019262,yes,yes,True,1.0,completed,pubmedqa-24019262-65edc559,,,1881,pubmedqa,yes,"

yes"
22867778,maybe,yes,False,0.0,completed,pubmedqa-22867778-af33c684,,,1799,pubmedqa,maybe,"

yes"
23348330,yes,yes,True,1.0,completed,pubmedqa-23348330-9a0b6a77,,,1860,pubmedqa,yes,"

yes"
21658267,yes,yes,True,1.0,completed,pubmedqa-21658267-12d3d862,,,2107,pubmedqa,yes,"

yes"
28177278,yes,yes,True,1.0,completed,pubmedqa-28177278-b2b7e815,,,1863,pubmedqa,yes,"

yes"
18403944,maybe,yes,False,0.0,completed,pubmedqa-18403944-b34b88c7,,,5179,pubmedqa,maybe,"

yes"
20363841,no,yes,False,0.0,completed,pubmedqa-20363841-04e066bc,,,5616,pubmedqa,no,"

yes"
19664156,yes,yes,True,1.0,completed,pubmedqa-19664156-592c7dbc,,,2986,pubmedqa,yes,"

yes"
23356465,yes,no,False,0.0,completed,pubmedqa-23356465-eb12468f,,,4682,pubmedqa,yes,"

no"
22972546,no,no,True,1.0,completed,pubmedqa-22972546-32098042,,,1333,pubmedqa,no,"

no"
21850494,yes,no,False,0.0,completed,pubmedqa-21850494-d5cfd9ea,,,10862,pubmedqa,yes,"

no"
26778755,maybe,yes,False,0.0,completed,pubmedqa-26778755-d5c1e159,,,4042,pubmedqa,maybe,"

yes"
20187289,no,no,True,1.0,completed,pubmedqa-20187289-384b4e1d,,,4183,pubmedqa,no,"

no"
27615402,maybe,no,False,0.0,completed,pubmedqa-27615402-49ba5877,,,4216,pubmedqa,maybe,"

no"
20297950,yes,yes,True,1.0,completed,pubmedqa-20297950-37805a5f,,,3771,pubmedqa,yes,"

yes"
23735520,yes,yes,True,1.0,completed,pubmedqa-23735520-268f0f50,,,1536,pubmedqa,yes,"

yes"
10759659,yes,yes,True,1.0,completed,pubmedqa-10759659-187a08da,,,1925,pubmedqa,yes,"

yes"
25592625,no,yes,False,0.0,completed,pubmedqa-25592625-81fb268b,,,2997,pubmedqa,no,"

yes"
12595848,yes,yes,True,1.0,completed,pubmedqa-12595848-d287ddd2,,,3490,pubmedqa,yes,"

yes"
20064872,yes,yes,True,1.0,completed,pubmedqa-20064872-1e73931d,,,2062,pubmedqa,yes,"

yes"
23588461,yes,yes,True,1.0,completed,pubmedqa-23588461-ae6b7aa2,,,3854,pubmedqa,yes,"

yes"
18019905,no,no,True,1.0,completed,pubmedqa-18019905-af3034ec,,,4288,pubmedqa,no,"

no"
25859857,no,no,True,1.0,completed,pubmedqa-25859857-788dfcf6,,,6380,pubmedqa,no,"

no"
26418796,yes,yes,True,1.0,completed,pubmedqa-26418796-797dc5fe,,,1677,pubmedqa,yes,"

yes"
22825590,yes,yes,True,1.0,completed,pubmedqa-22825590-be1ad581,,,4913,pubmedqa,yes,"

yes"
18832500,yes,yes,True,1.0,completed,pubmedqa-18832500-7a190d9f,,,3273,pubmedqa,yes,"

yes"
18955431,yes,yes,True,1.0,completed,pubmedqa-18955431-b2bfa2e4,,,1703,pubmedqa,yes,"

yes"
9550200,yes,yes,True,1.0,completed,pubmedqa-9550200-23d3a28a,,,1521,pubmedqa,yes,"

yes"
10135926,yes,no,False,0.0,completed,pubmedqa-10135926-d0152955,,,2555,pubmedqa,yes,"

no"
11296674,maybe,yes,False,0.0,completed,pubmedqa-11296674-cca71d06,,,6270,pubmedqa,maybe,"

yes"
24139705,yes,yes,True,1.0,completed,pubmedqa-24139705-e3d05787,,,5529,pubmedqa,yes,"

yes"
16253970,no,yes,False,0.0,completed,pubmedqa-16253970-5e5512a9,,,8541,pubmedqa,no,"

yes"
14745753,yes,yes,True,1.0,completed,pubmedqa-14745753-4f086baf,,,3793,pubmedqa,yes,"

yes"
27078715,yes,yes,True,1.0,completed,pubmedqa-27078715-0590ae81,,,2592,pubmedqa,yes,"

yes"
15939071,yes,yes,True,1.0,completed,pubmedqa-15939071-99c6df63,,,1846,pubmedqa,yes,"

yes"
11926574,no,no,True,1.0,completed,pubmedqa-11926574-8bdbe246,,,3758,pubmedqa,no,"

no"
18594195,yes,yes,True,1.0,completed,pubmedqa-18594195-6610322d,,,1629,pubmedqa,yes,"

yes"
25614468,no,no,True,1.0,completed,pubmedqa-25614468-39d66811,,,5595,pubmedqa,no,"

no"
19653482,yes,yes,True,1.0,completed,pubmedqa-19653482-53bfeef8,,,1430,pubmedqa,yes,"

yes"
11380492,yes,yes,True,1.0,completed,pubmedqa-11380492-a6f8025f,,,1823,pubmedqa,yes,"

yes"
16296668,no,no,True,1.0,completed,pubmedqa-16296668-001e3aca,,,3998,pubmedqa,no,"

no"
19520213,no,no,True,1.0,completed,pubmedqa-19520213-f23ecd67,,,5144,pubmedqa,no,"

no"
14992556,maybe,yes,False,0.0,completed,pubmedqa-14992556-877c51e5,,,4079,pubmedqa,maybe,"

yes"
19931500,yes,yes,True,1.0,completed,pubmedqa-19931500-b3798000,,,4689,pubmedqa,yes,"

yes"
18378554,no,no,True,1.0,completed,pubmedqa-18378554-07f78a89,,,3690,pubmedqa,no,"

no"
17306983,yes,yes,True,1.0,completed,pubmedqa-17306983-ae479a0e,,,2013,pubmedqa,yes,"

yes"
26879871,yes,yes,True,1.0,completed,pubmedqa-26879871-9ac1caac,,,1433,pubmedqa,yes,"

yes"
24336869,maybe,yes,False,0.0,completed,pubmedqa-24336869-ddff21b7,,,3673,pubmedqa,maybe,"

yes"
16962519,no,no,True,1.0,completed,pubmedqa-16962519-3df18999,,,5080,pubmedqa,no,"

no"
17704864,yes,yes,True,1.0,completed,pubmedqa-17704864-24dc1918,,,5545,pubmedqa,yes,"

yes"
18307476,yes,yes,True,1.0,completed,pubmedqa-18307476-a523be91,,,1685,pubmedqa,yes,"

yes"
15151701,yes,yes,True,1.0,completed,pubmedqa-15151701-2108712f,,,3735,pubmedqa,yes,"

yes"
26399179,yes,yes,True,1.0,completed,pubmedqa-26399179-d2ecb593,,,4270,pubmedqa,yes,"

yes"
21889895,no,no,True,1.0,completed,pubmedqa-21889895-e0518a4f,,,3046,pubmedqa,no,"

no"
21569408,no,no,True,1.0,completed,pubmedqa-21569408-e1728788,,,3370,pubmedqa,no,"

no"
23025584,no,no,True,1.0,completed,pubmedqa-23025584-1cd46456,,,1904,pubmedqa,no,"

no"
23587089,yes,yes,True,1.0,completed,pubmedqa-23587089-14564a5e,,,3554,pubmedqa,yes,"

yes"
15539888,yes,no,False,0.0,completed,pubmedqa-15539888-a75670fd,,,4203,pubmedqa,yes,"

no"
23096188,yes,yes,True,1.0,completed,pubmedqa-23096188-51346e1d,,,1651,pubmedqa,yes,"

yes"
21881325,yes,yes,True,1.0,completed,pubmedqa-21881325-0516a83d,,,1596,pubmedqa,yes,"

yes"
19542542,maybe,no,False,0.0,completed,pubmedqa-19542542-417193ba,,,1851,pubmedqa,maybe,"

no"
16872243,no,no,True,1.0,completed,pubmedqa-16872243-dd140d1a,,,3907,pubmedqa,no,"

no"
15141797,no,no,True,1.0,completed,pubmedqa-15141797-23e83166,,,4195,pubmedqa,no,"

no"
25394614,maybe,no,False,0.0,completed,pubmedqa-25394614-67e81468,,,1776,pubmedqa,maybe,"

no"
10381996,no,no,True,1.0,completed,pubmedqa-10381996-c783a4a6,,,1931,pubmedqa,no,"

no"
26134053,maybe,yes,False,0.0,completed,pubmedqa-26134053-7e703619,,,4382,pubmedqa,maybe,"

yes"
25274085,no,yes,False,0.0,completed,pubmedqa-25274085-a0b6edca,,,4093,pubmedqa,no,"

yes"
12098035,yes,yes,True,1.0,completed,pubmedqa-12098035-b6321e30,,,2522,pubmedqa,yes,"

yes"
12963175,yes,yes,True,1.0,completed,pubmedqa-12963175-9b53b3ec,,,3352,pubmedqa,yes,"

yes"
21865668,yes,yes,True,1.0,completed,pubmedqa-21865668-dbc91f7a,,,1145,pubmedqa,yes,"

yes"
16510651,no,no,True,1.0,completed,pubmedqa-16510651-26cc860b,,,4878,pubmedqa,no,"

no"
24901580,yes,no,False,0.0,completed,pubmedqa-24901580-254f6c0f,,,6476,pubmedqa,yes,"

no"
19468282,maybe,no,False,0.0,completed,pubmedqa-19468282-36d42c2c,,,9697,pubmedqa,maybe,"

no"
21481154,yes,yes,True,1.0,completed,pubmedqa-21481154-7fc8a3a9,,,5177,pubmedqa,yes,"

yes"
21398266,yes,yes,True,1.0,completed,pubmedqa-21398266-4c1919c5,,,2941,pubmedqa,yes,"

yes"
25371231,maybe,yes,False,0.0,completed,pubmedqa-25371231-32037256,,,3306,pubmedqa,maybe,"

yes"
23252468,no,no,True,1.0,completed,pubmedqa-23252468-a73afa45,,,1934,pubmedqa,no,"

no"
22440363,no,no,True,1.0,completed,pubmedqa-22440363-3c2c32de,,,1987,pubmedqa,no,"

no"
12068831,no,no,True,1.0,completed,pubmedqa-12068831-f2298738,,,2417,pubmedqa,no,"

no"
20530150,no,no,True,1.0,completed,pubmedqa-20530150-64fbe50d,,,2664,pubmedqa,no,"

no"
21618245,yes,yes,True,1.0,completed,pubmedqa-21618245-2f8d0caf,,,1522,pubmedqa,yes,"

yes"
26085176,yes,yes,True,1.0,completed,pubmedqa-26085176-b05f717f,,,2566,pubmedqa,yes,"

yes"
18158048,yes,no,False,0.0,completed,pubmedqa-18158048-e14b4d39,,,7333,pubmedqa,yes,"

no"
21256734,no,no,True,1.0,completed,pubmedqa-21256734-51fb69e6,,,1902,pubmedqa,no,"

no"
28027677,no,no,True,1.0,completed,pubmedqa-28027677-e5cc8256,,,2729,pubmedqa,no,"

no"
17595200,no,no,True,1.0,completed,pubmedqa-17595200-a32922a4,,,2585,pubmedqa,no,"

no"
26548832,yes,yes,True,1.0,completed,pubmedqa-26548832-22e6f6aa,,,1976,pubmedqa,yes,"

yes"
15879722,yes,yes,True,1.0,completed,pubmedqa-15879722-994256a7,,,2182,pubmedqa,yes,"

yes"
27554179,no,no,True,1.0,completed,pubmedqa-27554179-9b9a109f,,,1863,pubmedqa,no,"

no"
15381614,maybe,yes,False,0.0,completed,pubmedqa-15381614-92b3b0f7,,,4013,pubmedqa,maybe,"

yes"
22012962,yes,yes,True,1.0,completed,pubmedqa-22012962-d4b76272,,,3930,pubmedqa,yes,"

yes"
18948835,yes,yes,True,1.0,completed,pubmedqa-18948835-245185d5,,,1597,pubmedqa,yes,"

yes"
18435678,no,no,True,1.0,completed,pubmedqa-18435678-25df6d02,,,3446,pubmedqa,no,"

no"
19268855,no,yes,False,0.0,completed,pubmedqa-19268855-dd6d2b96,,,3296,pubmedqa,no,"

yes"
12238307,no,no,True,1.0,completed,pubmedqa-12238307-5c021ee5,,,839,pubmedqa,no,"

no"
20684175,yes,yes,True,1.0,completed,pubmedqa-20684175-0fc45a07,,,4940,pubmedqa,yes,"

yes"
27216167,yes,yes,True,1.0,completed,pubmedqa-27216167-99aa0a86,,,1816,pubmedqa,yes,"

yes"
19852337,yes,yes,True,1.0,completed,pubmedqa-19852337-84cec286,,,1325,pubmedqa,yes,"

yes"
22680064,yes,yes,True,1.0,completed,pubmedqa-22680064-41f366f0,,,1331,pubmedqa,yes,"

yes"
25417760,no,no,True,1.0,completed,pubmedqa-25417760-6f89dd5b,,,3462,pubmedqa,no,"

no"
22365295,no,no,True,1.0,completed,pubmedqa-22365295-ef393c02,,,4402,pubmedqa,no,"

no"
15125825,yes,yes,True,1.0,completed,pubmedqa-15125825-48f838cd,,,5472,pubmedqa,yes,"

yes"
24652474,no,no,True,1.0,completed,pubmedqa-24652474-a1c97aa6,,,4016,pubmedqa,no,"

no"
24947183,yes,yes,True,1.0,completed,pubmedqa-24947183-3802bbf6,,,1821,pubmedqa,yes,"

yes"
25779009,maybe,yes,False,0.0,completed,pubmedqa-25779009-17b2e320,,,4573,pubmedqa,maybe,"

yes"
17105833,maybe,yes,False,0.0,completed,pubmedqa-17105833-b2f6efd0,,,1955,pubmedqa,maybe,"

yes"
27338535,no,no,True,1.0,completed,pubmedqa-27338535-b4d2f69f,,,1150,pubmedqa,no,"

no"
27690714,yes,yes,True,1.0,completed,pubmedqa-27690714-7af728d2,,,2541,pubmedqa,yes,"

yes"
21346501,yes,yes,True,1.0,completed,pubmedqa-21346501-a98f3f1e,,,1042,pubmedqa,yes,"

yes"
24964725,yes,yes,True,1.0,completed,pubmedqa-24964725-3e339fc1,,,3081,pubmedqa,yes,"

yes"
18708308,no,no,True,1.0,completed,pubmedqa-18708308-56997bcd,,,1887,pubmedqa,no,"

no"
11759976,no,no,True,1.0,completed,pubmedqa-11759976-9c8e3f59,,,4130,pubmedqa,no,"

no"
16319544,no,no,True,1.0,completed,pubmedqa-16319544-f2466934,,,2370,pubmedqa,no,"

no"
20674150,yes,yes,True,1.0,completed,pubmedqa-20674150-86b90282,,,5740,pubmedqa,yes,"

yes"
25336163,no,no,True,1.0,completed,pubmedqa-25336163-f67fa466,,,2024,pubmedqa,no,"

no"
25887165,yes,yes,True,1.0,completed,pubmedqa-25887165-5420f1d6,,,1687,pubmedqa,yes,"

yes"
12947068,yes,yes,True,1.0,completed,pubmedqa-12947068-65daaa58,,,2507,pubmedqa,yes,"

yes"
16776337,yes,maybe,False,0.0,completed,pubmedqa-16776337-5d7b1856,,,8755,pubmedqa,yes,"

maybe"
22668852,no,no,True,1.0,completed,pubmedqa-22668852-bc920a4a,,,1844,pubmedqa,no,"

no"
25251991,yes,yes,True,1.0,completed,pubmedqa-25251991-d0dad9dc,,,1674,pubmedqa,yes,"

yes"
7497757,no,yes,False,0.0,completed,pubmedqa-7497757-b56ee749,,,2967,pubmedqa,no,"

yes"
8262881,yes,yes,True,1.0,completed,pubmedqa-8262881-dd952998,,,2334,pubmedqa,yes,"

yes"
11943048,yes,yes,True,1.0,completed,pubmedqa-11943048-a3478424,,,1813,pubmedqa,yes,"

yes"
20306735,yes,yes,True,1.0,completed,pubmedqa-20306735-5e5b9d75,,,3620,pubmedqa,yes,"

yes"
23414523,no,no,True,1.0,completed,pubmedqa-23414523-b03ab91a,,,1387,pubmedqa,no,"

no"
11882828,yes,yes,True,1.0,completed,pubmedqa-11882828-a99510b3,,,2444,pubmedqa,yes,"

yes"
24939676,no,no,True,1.0,completed,pubmedqa-24939676-575937b1,,,1751,pubmedqa,no,"

no"
17076590,maybe,yes,False,0.0,completed,pubmedqa-17076590-22f9298c,,,2298,pubmedqa,maybe,"

yes"
21745056,yes,yes,True,1.0,completed,pubmedqa-21745056-02624dd2,,,2361,pubmedqa,yes,"

yes"
22979954,yes,yes,True,1.0,completed,pubmedqa-22979954-1f5a8203,,,5325,pubmedqa,yes,"

yes"
22955530,yes,yes,True,1.0,completed,pubmedqa-22955530-357dddd1,,,1607,pubmedqa,yes,"

yes"
18507507,yes,maybe,False,0.0,completed,pubmedqa-18507507-0584583a,,,5017,pubmedqa,yes,"

maybe"
17323047,no,no,True,1.0,completed,pubmedqa-17323047-0f1d1758,,,1267,pubmedqa,no,"

no"
24851767,no,no,True,1.0,completed,pubmedqa-24851767-ace813e8,,,2254,pubmedqa,no,"

no"
12006913,no,no,True,1.0,completed,pubmedqa-12006913-bac17f81,,,3504,pubmedqa,no,"

no"
8245806,yes,yes,True,1.0,completed,pubmedqa-8245806-5d4efe89,,,2316,pubmedqa,yes,"

yes"
17691856,maybe,yes,False,0.0,completed,pubmedqa-17691856-c70ffa2e,,,3536,pubmedqa,maybe,"

yes"
15222284,yes,yes,True,1.0,completed,pubmedqa-15222284-333999bb,,,3481,pubmedqa,yes,"

yes"
25501465,no,no,True,1.0,completed,pubmedqa-25501465-f5d217bf,,,1197,pubmedqa,no,"

no"
16414216,no,no,True,1.0,completed,pubmedqa-16414216-1a8bf6e2,,,1618,pubmedqa,no,"

no"
19155657,maybe,yes,False,0.0,completed,pubmedqa-19155657-d8192219,,,1785,pubmedqa,maybe,"

yes"
27050489,yes,yes,True,1.0,completed,pubmedqa-27050489-95a21d88,,,4411,pubmedqa,yes,"

yes"
24977765,yes,no,False,0.0,completed,pubmedqa-24977765-b593963a,,,4281,pubmedqa,yes,"

no"
19130332,yes,yes,True,1.0,completed,pubmedqa-19130332-28f2f97d,,,1351,pubmedqa,yes,"

yes"
23949294,yes,yes,True,1.0,completed,pubmedqa-23949294-a5b0739e,,,3474,pubmedqa,yes,"

yes"
18926458,no,no,True,1.0,completed,pubmedqa-18926458-2bb58d47,,,2725,pubmedqa,no,"

no"
10749257,yes,yes,True,1.0,completed,pubmedqa-10749257-e02f4c96,,,1500,pubmedqa,yes,"

yes"
17610439,yes,yes,True,1.0,completed,pubmedqa-17610439-db83125b,,,2950,pubmedqa,yes,"

yes"
26859535,no,yes,False,0.0,completed,pubmedqa-26859535-48a01224,,,5344,pubmedqa,no,"

yes"
25446909,yes,yes,True,1.0,completed,pubmedqa-25446909-c25479eb,,,1837,pubmedqa,yes,"

yes"
17220021,yes,maybe,False,0.0,completed,pubmedqa-17220021-ad75a871,,,8214,pubmedqa,yes,"

maybe"
10158597,yes,yes,True,1.0,completed,pubmedqa-10158597-d26cd888,,,1341,pubmedqa,yes,"

yes"
21198823,no,no,True,1.0,completed,pubmedqa-21198823-44a6a91c,,,1318,pubmedqa,no,"

no"
17259061,yes,yes,True,1.0,completed,pubmedqa-17259061-acc27271,,,1629,pubmedqa,yes,"

yes"
18375490,no,no,True,1.0,completed,pubmedqa-18375490-ab2a10e4,,,2854,pubmedqa,no,"

no"
24142776,yes,yes,True,1.0,completed,pubmedqa-24142776-b2468825,,,4077,pubmedqa,yes,"

yes"
18388848,yes,yes,True,1.0,completed,pubmedqa-18388848-0ecb0073,,,1832,pubmedqa,yes,"

yes"
22251324,no,no,True,1.0,completed,pubmedqa-22251324-98da612e,,,1769,pubmedqa,no,"

no"
27896825,yes,yes,True,1.0,completed,pubmedqa-27896825-1ace1f87,,,3560,pubmedqa,yes,"

yes"
22117569,yes,yes,True,1.0,completed,pubmedqa-22117569-e4467540,,,1286,pubmedqa,yes,"

yes"
25787073,no,no,True,1.0,completed,pubmedqa-25787073-2833ea14,,,1767,pubmedqa,no,"

no"
14631523,no,no,True,1.0,completed,pubmedqa-14631523-d1c72985,,,2419,pubmedqa,no,"

no"
26717802,no,no,True,1.0,completed,pubmedqa-26717802-4630215f,,,3215,pubmedqa,no,"

no"
23810330,yes,yes,True,1.0,completed,pubmedqa-23810330-a982954d,,,1939,pubmedqa,yes,"

yes"
19027440,yes,yes,True,1.0,completed,pubmedqa-19027440-8e4a87b1,,,2583,pubmedqa,yes,"

yes"
24446763,no,no,True,1.0,completed,pubmedqa-24446763-3c293268,,,1073,pubmedqa,no,"

no"
9444542,no,no,True,1.0,completed,pubmedqa-9444542-7a80639a,,,1306,pubmedqa,no,"

no"
23389866,no,no,True,1.0,completed,pubmedqa-23389866-63c4dca4,,,4303,pubmedqa,no,"

no"
19142546,no,no,True,1.0,completed,pubmedqa-19142546-69359efa,,,1203,pubmedqa,no,"

no"
9107172,yes,yes,True,1.0,completed,pubmedqa-9107172-f60e7542,,,5545,pubmedqa,yes,"

yes"
9363244,yes,no,False,0.0,completed,pubmedqa-9363244-de4b83d5,,,2935,pubmedqa,yes,"

no"
10411439,yes,yes,True,1.0,completed,pubmedqa-10411439-114016be,,,3874,pubmedqa,yes,"

yes"
21166749,no,no,True,1.0,completed,pubmedqa-21166749-f66ff842,,,1930,pubmedqa,no,"

no"
27818079,yes,yes,True,1.0,completed,pubmedqa-27818079-1b9cf1a7,,,1462,pubmedqa,yes,"

yes"
25982163,no,no,True,1.0,completed,pubmedqa-25982163-71a2f7f7,,,1009,pubmedqa,no,"

no"
20353735,no,no,True,1.0,completed,pubmedqa-20353735-b8134cfe,,,2291,pubmedqa,no,"

no"
24630333,no,no,True,1.0,completed,pubmedqa-24630333-02fff276,,,2049,pubmedqa,no,"

no"
27096199,no,no,True,1.0,completed,pubmedqa-27096199-ecb8e995,,,1483,pubmedqa,no,"

no"
22519710,no,no,True,1.0,completed,pubmedqa-22519710-a542ea67,,,4701,pubmedqa,no,"

no"
12040336,no,no,True,1.0,completed,pubmedqa-12040336-16e0b751,,,1340,pubmedqa,no,"

no"
15918864,yes,yes,True,1.0,completed,pubmedqa-15918864-60deae1e,,,1394,pubmedqa,yes,"

yes"
23601294,no,no,True,1.0,completed,pubmedqa-23601294-099d58f6,,,3589,pubmedqa,no,"

no"
21361755,no,no,True,1.0,completed,pubmedqa-21361755-43beaaab,,,1865,pubmedqa,no,"

no"
9003088,yes,yes,True,1.0,completed,pubmedqa-9003088-b941a0f9,,,4148,pubmedqa,yes,"

yes"
23337545,yes,yes,True,1.0,completed,pubmedqa-23337545-d1602334,,,5928,pubmedqa,yes,"

yes"
10490564,yes,yes,True,1.0,completed,pubmedqa-10490564-61a38920,,,1645,pubmedqa,yes,"

yes"
23375036,yes,yes,True,1.0,completed,pubmedqa-23375036-f8c9ff79,,,3446,pubmedqa,yes,"

yes"
11555508,yes,yes,True,1.0,completed,pubmedqa-11555508-558cf93d,,,2855,pubmedqa,yes,"

yes"
16778275,no,no,True,1.0,completed,pubmedqa-16778275-55f081dd,,,2108,pubmedqa,no,"

no"
27136599,yes,maybe,False,0.0,completed,pubmedqa-27136599-0259dba2,,,3680,pubmedqa,yes,"

maybe"
27050505,yes,yes,True,1.0,completed,pubmedqa-27050505-8dc8a950,,,2369,pubmedqa,yes,"

yes"
18403945,yes,yes,True,1.0,completed,pubmedqa-18403945-e3d639aa,,,1818,pubmedqa,yes,"

yes"
11149643,yes,yes,True,1.0,completed,pubmedqa-11149643-9285557a,,,3809,pubmedqa,yes,"

yes"
26200172,yes,yes,True,1.0,completed,pubmedqa-26200172-27c99138,,,5511,pubmedqa,yes,"

yes"
18783922,yes,yes,True,1.0,completed,pubmedqa-18783922-37214f91,,,1324,pubmedqa,yes,"

yes"
12684740,yes,yes,True,1.0,completed,pubmedqa-12684740-6df37eae,,,4138,pubmedqa,yes,"

yes"
25155638,yes,yes,True,1.0,completed,pubmedqa-25155638-93ad8dcb,,,1635,pubmedqa,yes,"

yes"
26820719,yes,yes,True,1.0,completed,pubmedqa-26820719-512d7f92,,,2759,pubmedqa,yes,"

yes"
21080127,maybe,yes,False,0.0,completed,pubmedqa-21080127-ca20a6d8,,,6262,pubmedqa,maybe,"

yes"
18086459,yes,no,False,0.0,completed,pubmedqa-18086459-9fbfb1d9,,,2442,pubmedqa,yes,"

no"
11978239,yes,yes,True,1.0,completed,pubmedqa-11978239-d16b8b2d,,,5318,pubmedqa,yes,"

yes"
10798511,no,no,True,1.0,completed,pubmedqa-10798511-c24883b5,,,4758,pubmedqa,no,"

no"
15477551,yes,yes,True,1.0,completed,pubmedqa-15477551-18cb05a6,,,4813,pubmedqa,yes,"

yes"
19327500,yes,yes,True,1.0,completed,pubmedqa-19327500-9f79298d,,,2609,pubmedqa,yes,"

yes"
24614789,yes,yes,True,1.0,completed,pubmedqa-24614789-54df83bc,,,1670,pubmedqa,yes,"

yes"
23283159,yes,yes,True,1.0,completed,pubmedqa-23283159-94cbff12,,,1596,pubmedqa,yes,"

yes"
16465002,yes,yes,True,1.0,completed,pubmedqa-16465002-c70bb577,,,1881,pubmedqa,yes,"

yes"
24191126,yes,yes,True,1.0,completed,pubmedqa-24191126-ad285537,,,2076,pubmedqa,yes,"

yes"
25218577,yes,yes,True,1.0,completed,pubmedqa-25218577-34af3445,,,2433,pubmedqa,yes,"

yes"
20488985,no,no,True,1.0,completed,pubmedqa-20488985-a13d6948,,,2043,pubmedqa,no,"

no"
11567820,no,no,True,1.0,completed,pubmedqa-11567820-ab31d6c1,,,1881,pubmedqa,no,"

no"
19100463,yes,yes,True,1.0,completed,pubmedqa-19100463-4e8e7030,,,2568,pubmedqa,yes,"

yes"
12769830,no,no,True,1.0,completed,pubmedqa-12769830-3ccc66ae,,,4258,pubmedqa,no,"

no"
10331115,yes,yes,True,1.0,completed,pubmedqa-10331115-abf0e89b,,,6924,pubmedqa,yes,"

yes"
17483607,yes,yes,True,1.0,completed,pubmedqa-17483607-fc44a529,,,6581,pubmedqa,yes,"

yes"
28056802,yes,yes,True,1.0,completed,pubmedqa-28056802-0cf06936,,,2811,pubmedqa,yes,"

yes"
11776681,yes,yes,True,1.0,completed,pubmedqa-11776681-c7536419,,,2828,pubmedqa,yes,"

yes"
24922528,no,no,True,1.0,completed,pubmedqa-24922528-a7c22ec1,,,2911,pubmedqa,no,"

no"
8200238,no,no,True,1.0,completed,pubmedqa-8200238-3cb3d3b0,,,1909,pubmedqa,no,"

no"
10593212,no,no,True,1.0,completed,pubmedqa-10593212-c1af45ec,,,1351,pubmedqa,no,"

no"
12630042,maybe,yes,False,0.0,completed,pubmedqa-12630042-cf8d8c97,,,1923,pubmedqa,maybe,"

yes"
24519615,yes,yes,True,1.0,completed,pubmedqa-24519615-8a550c96,,,2217,pubmedqa,yes,"

yes"
24267613,no,no,True,1.0,completed,pubmedqa-24267613-360591a7,,,2009,pubmedqa,no,"

no"
21074975,yes,yes,True,1.0,completed,pubmedqa-21074975-311536f9,,,1482,pubmedqa,yes,"

yes"
19712912,no,no,True,1.0,completed,pubmedqa-19712912-cc043745,,,2648,pubmedqa,no,"

no"
12690589,yes,yes,True,1.0,completed,pubmedqa-12690589-74b8d421,,,2483,pubmedqa,yes,"

yes"
10757151,no,no,True,1.0,completed,pubmedqa-10757151-da0be107,,,1795,pubmedqa,no,"

no"
15388567,no,no,True,1.0,completed,pubmedqa-15388567-d6d3e40a,,,4645,pubmedqa,no,"

no"
10877371,yes,yes,True,1.0,completed,pubmedqa-10877371-29adb836,,,1804,pubmedqa,yes,"

yes"
22324545,yes,yes,True,1.0,completed,pubmedqa-22324545-2ae61136,,,1766,pubmedqa,yes,"

yes"
19419587,yes,yes,True,1.0,completed,pubmedqa-19419587-9528a2c2,,,1609,pubmedqa,yes,"

yes"
16909975,yes,yes,True,1.0,completed,pubmedqa-16909975-72a11380,,,2033,pubmedqa,yes,"

yes"
18799291,no,yes,False,0.0,completed,pubmedqa-18799291-cab67c38,,,2054,pubmedqa,no,"

yes"
12163782,yes,yes,True,1.0,completed,pubmedqa-12163782-446376b9,,,2659,pubmedqa,yes,"

yes"
16392897,maybe,yes,False,0.0,completed,pubmedqa-16392897-eb373e0b,,,2477,pubmedqa,maybe,"

yes"
19615731,no,no,True,1.0,completed,pubmedqa-19615731-cdd300b2,,,1585,pubmedqa,no,"

no"
18537964,yes,yes,True,1.0,completed,pubmedqa-18537964-2fbeffcc,,,1337,pubmedqa,yes,"

yes"
25747932,yes,yes,True,1.0,completed,pubmedqa-25747932-8b99ac6a,,,4033,pubmedqa,yes,"

yes"
17445978,no,yes,False,0.0,completed,pubmedqa-17445978-6802a60c,,,1556,pubmedqa,no,"

yes"
19309468,yes,yes,True,1.0,completed,pubmedqa-19309468-5b6bad37,,,2091,pubmedqa,yes,"

yes"
25885219,yes,yes,True,1.0,completed,pubmedqa-25885219-0bbe9b46,,,1669,pubmedqa,yes,"

yes"
26348845,yes,yes,True,1.0,completed,pubmedqa-26348845-91883920,,,2526,pubmedqa,yes,"

yes"
12221908,yes,maybe,False,0.0,completed,pubmedqa-12221908-e618b9f6,,,10720,pubmedqa,yes,"

maybe"
21904069,no,no,True,1.0,completed,pubmedqa-21904069-ac5526e3,,,2624,pubmedqa,no,"

no"
14976655,yes,yes,True,1.0,completed,pubmedqa-14976655-82eb9c7a,,,5610,pubmedqa,yes,"

yes"
22644412,yes,yes,True,1.0,completed,pubmedqa-22644412-e9d29961,,,1857,pubmedqa,yes,"

yes"
26419377,yes,yes,True,1.0,completed,pubmedqa-26419377-171cc3c9,,,1968,pubmedqa,yes,"

yes"
23052500,no,yes,False,0.0,completed,pubmedqa-23052500-b032ff2c,,,6835,pubmedqa,no,"

yes"
26104852,yes,yes,True,1.0,completed,pubmedqa-26104852-acb817da,,,2389,pubmedqa,yes,"

yes"
9142039,yes,yes,True,1.0,completed,pubmedqa-9142039-5cebf1c5,,,1607,pubmedqa,yes,"

yes"
18399830,yes,yes,True,1.0,completed,pubmedqa-18399830-f8e29391,,,2090,pubmedqa,yes,"

yes"
18575014,yes,yes,True,1.0,completed,pubmedqa-18575014-1e816139,,,4530,pubmedqa,yes,"

yes"
15223779,yes,yes,True,1.0,completed,pubmedqa-15223779-2d08f75a,,,1510,pubmedqa,yes,"

yes"
24487044,yes,yes,True,1.0,completed,pubmedqa-24487044-27fe6da7,,,7155,pubmedqa,yes,"

yes"
12377809,yes,yes,True,1.0,completed,pubmedqa-12377809-3c23fd13,,,1195,pubmedqa,yes,"

yes"
16195477,yes,yes,True,1.0,completed,pubmedqa-16195477-d1b3d9f8,,,4278,pubmedqa,yes,"

yes"
16678696,no,no,True,1.0,completed,pubmedqa-16678696-622ac5f1,,,5224,pubmedqa,no,"

no"
18801797,no,no,True,1.0,completed,pubmedqa-18801797-e0b57991,,,1268,pubmedqa,no,"

no"
12153648,no,no,True,1.0,completed,pubmedqa-12153648-1bdaa951,,,1504,pubmedqa,no,"

no"
12632437,yes,yes,True,1.0,completed,pubmedqa-12632437-d977aef8,,,1195,pubmedqa,yes,"

yes"
10201555,yes,yes,True,1.0,completed,pubmedqa-10201555-808c8294,,,1717,pubmedqa,yes,"

yes"
21342862,yes,yes,True,1.0,completed,pubmedqa-21342862-e58825b4,,,1212,pubmedqa,yes,"

yes"
26818046,yes,yes,True,1.0,completed,pubmedqa-26818046-4a5951fa,,,4625,pubmedqa,yes,"

yes"
18005142,yes,no,False,0.0,completed,pubmedqa-18005142-a06aba29,,,2426,pubmedqa,yes,"

no"
11481172,yes,yes,True,1.0,completed,pubmedqa-11481172-ce930428,,,1583,pubmedqa,yes,"

yes"
19230985,yes,yes,True,1.0,completed,pubmedqa-19230985-62d169a1,,,1373,pubmedqa,yes,"

yes"
17295865,yes,yes,True,1.0,completed,pubmedqa-17295865-d451985a,,,1441,pubmedqa,yes,"

yes"
17565137,yes,yes,True,1.0,completed,pubmedqa-17565137-4f24738f,,,5325,pubmedqa,yes,"

yes"
18041059,yes,yes,True,1.0,completed,pubmedqa-18041059-4edad09d,,,2036,pubmedqa,yes,"

yes"
17274051,no,no,True,1.0,completed,pubmedqa-17274051-1e6ebb5e,,,2184,pubmedqa,no,"

no"
26460153,yes,yes,True,1.0,completed,pubmedqa-26460153-1bbe1a5e,,,5081,pubmedqa,yes,"

yes"
24061619,no,no,True,1.0,completed,pubmedqa-24061619-f751309c,,,3137,pubmedqa,no,"

no"
26867834,yes,yes,True,1.0,completed,pubmedqa-26867834-a83154ba,,,2394,pubmedqa,yes,"

yes"
22349635,no,no,True,1.0,completed,pubmedqa-22349635-e4a7a97b,,,1573,pubmedqa,no,"

no"
15112004,no,no,True,1.0,completed,pubmedqa-15112004-0f79fd09,,,4921,pubmedqa,no,"

no"
15954832,yes,yes,True,1.0,completed,pubmedqa-15954832-b66a3c72,,,1427,pubmedqa,yes,"

yes"
19640728,yes,yes,True,1.0,completed,pubmedqa-19640728-4ca6cdbf,,,2668,pubmedqa,yes,"

yes"
22154448,no,no,True,1.0,completed,pubmedqa-22154448-8926d9e8,,,2113,pubmedqa,no,"

no"
11146778,yes,no,False,0.0,completed,pubmedqa-11146778-100d5a62,,,6829,pubmedqa,yes,"

no"
8199520,no,no,True,1.0,completed,pubmedqa-8199520-ac8c926b,,,3660,pubmedqa,no,"

no"
9100537,no,yes,False,0.0,completed,pubmedqa-9100537-31eacefc,,,2620,pubmedqa,no,"

yes"
26518378,yes,no,False,0.0,completed,pubmedqa-26518378-2b7525f9,,,1992,pubmedqa,yes,"

no"
23774337,no,no,True,1.0,completed,pubmedqa-23774337-346d8b84,,,2157,pubmedqa,no,"

no"
16151770,yes,yes,True,1.0,completed,pubmedqa-16151770-1eebac8a,,,2072,pubmedqa,yes,"

yes"
26418441,yes,yes,True,1.0,completed,pubmedqa-26418441-e5ba9126,,,2890,pubmedqa,yes,"

yes"
20130378,no,yes,False,0.0,completed,pubmedqa-20130378-8dbecd79,,,4855,pubmedqa,no,"

yes"
11799314,yes,yes,True,1.0,completed,pubmedqa-11799314-1457dd88,,,1132,pubmedqa,yes,"

yes"
20828836,yes,yes,True,1.0,completed,pubmedqa-20828836-eeb15363,,,1236,pubmedqa,yes,"

yes"
19608436,yes,yes,True,1.0,completed,pubmedqa-19608436-d0ef7a1c,,,1765,pubmedqa,yes,"

yes"
15995461,yes,yes,True,1.0,completed,pubmedqa-15995461-c0d4c892,,,3555,pubmedqa,yes,"

yes"
23224030,yes,yes,True,1.0,completed,pubmedqa-23224030-1ed6d323,,,3558,pubmedqa,yes,"

yes"
17910536,yes,yes,True,1.0,completed,pubmedqa-17910536-0b5d50df,,,1358,pubmedqa,yes,"

yes"
12070552,no,no,True,1.0,completed,pubmedqa-12070552-b196e2cc,,,1129,pubmedqa,no,"

no"
18182265,yes,yes,True,1.0,completed,pubmedqa-18182265-3f1eb800,,,2016,pubmedqa,yes,"

yes"
15841770,yes,yes,True,1.0,completed,pubmedqa-15841770-9a31ebe4,,,5740,pubmedqa,yes,"

yes"
8017535,yes,yes,True,1.0,completed,pubmedqa-8017535-897454b9,,,1531,pubmedqa,yes,"

yes"
24172579,yes,yes,True,1.0,completed,pubmedqa-24172579-2788bcc1,,,5905,pubmedqa,yes,"

yes"
10781708,no,no,True,1.0,completed,pubmedqa-10781708-edea5d69,,,6045,pubmedqa,no,"

no"
26561905,yes,yes,True,1.0,completed,pubmedqa-26561905-9527105f,,,1653,pubmedqa,yes,"

yes"
17089900,yes,yes,True,1.0,completed,pubmedqa-17089900-23355122,,,1077,pubmedqa,yes,"

yes"
26536001,no,no,True,1.0,completed,pubmedqa-26536001-9aaba2d0,,,2393,pubmedqa,no,"

no"
19643525,no,no,True,1.0,completed,pubmedqa-19643525-118030fe,,,4169,pubmedqa,no,"

no"
26285789,yes,yes,True,1.0,completed,pubmedqa-26285789-21e18d15,,,5296,pubmedqa,yes,"

yes"
22266735,yes,maybe,False,0.0,completed,pubmedqa-22266735-3123d3b2,,,6253,pubmedqa,yes,"

maybe"
15052394,no,no,True,1.0,completed,pubmedqa-15052394-7a6588f4,,,1848,pubmedqa,no,"

no"
23264436,yes,no,False,0.0,completed,pubmedqa-23264436-8ef5d1be,,,5421,pubmedqa,yes,"

no"
22302658,maybe,yes,False,0.0,completed,pubmedqa-22302658-ebf3ef20,,,3121,pubmedqa,maybe,"

yes"
17894828,yes,yes,True,1.0,completed,pubmedqa-17894828-4e3d4fce,,,2278,pubmedqa,yes,"

yes"
18096128,no,no,True,1.0,completed,pubmedqa-18096128-5c7be667,,,1846,pubmedqa,no,"

no"
12913347,yes,yes,True,1.0,completed,pubmedqa-12913347-949513f1,,,5953,pubmedqa,yes,"

yes"
24684514,no,no,True,1.0,completed,pubmedqa-24684514-21ac7ba1,,,2488,pubmedqa,no,"

no"
24793469,yes,yes,True,1.0,completed,pubmedqa-24793469-ae8197e8,,,1757,pubmedqa,yes,"

yes"
23360491,maybe,yes,False,0.0,completed,pubmedqa-23360491-ce9118f1,,,1269,pubmedqa,maybe,"

yes"
10340286,maybe,yes,False,0.0,completed,pubmedqa-10340286-bcc29259,,,5896,pubmedqa,maybe,"

yes"
22954812,maybe,yes,False,0.0,completed,pubmedqa-22954812-d0cd2563,,,4170,pubmedqa,maybe,"

yes"
18274917,no,no,True,1.0,completed,pubmedqa-18274917-193274ae,,,2075,pubmedqa,no,"

no"
22350859,yes,maybe,False,0.0,completed,pubmedqa-22350859-dd12cc10,,,11640,pubmedqa,yes,"

maybe"
26237424,no,no,True,1.0,completed,pubmedqa-26237424-8c1bc772,,,1400,pubmedqa,no,"

no"
15041506,yes,yes,True,1.0,completed,pubmedqa-15041506-d1d50501,,,2891,pubmedqa,yes,"

yes"
25280365,yes,yes,True,1.0,completed,pubmedqa-25280365-f7ba101c,,,2255,pubmedqa,yes,"

yes"
20813740,yes,yes,True,1.0,completed,pubmedqa-20813740-d314d23c,,,4461,pubmedqa,yes,"

yes"
20401819,yes,yes,True,1.0,completed,pubmedqa-20401819-2e219511,,,5601,pubmedqa,yes,"

yes"
7860319,yes,yes,True,1.0,completed,pubmedqa-7860319-cdf1ad11,,,3878,pubmedqa,yes,"

yes"
25255719,yes,yes,True,1.0,completed,pubmedqa-25255719-6b4ac636,,,2259,pubmedqa,yes,"

yes"
24352924,yes,yes,True,1.0,completed,pubmedqa-24352924-b50e3e85,,,4038,pubmedqa,yes,"

yes"
24973051,no,yes,False,0.0,completed,pubmedqa-24973051-ae71837a,,,10716,pubmedqa,no,"

yes"
20497146,yes,yes,True,1.0,completed,pubmedqa-20497146-8e2c8d14,,,1769,pubmedqa,yes,"

yes"
19401574,yes,yes,True,1.0,completed,pubmedqa-19401574-37ac4801,,,2510,pubmedqa,yes,"

yes"
23571528,no,no,True,1.0,completed,pubmedqa-23571528-b85b8fd6,,,1735,pubmedqa,no,"

no"
25228241,yes,yes,True,1.0,completed,pubmedqa-25228241-0c1cc023,,,1845,pubmedqa,yes,"

yes"
22348433,yes,yes,True,1.0,completed,pubmedqa-22348433-4bd7f3af,,,1735,pubmedqa,yes,"

yes"
20538207,no,yes,False,0.0,completed,pubmedqa-20538207-e85d08d1,,,3236,pubmedqa,no,"

yes"
10927144,no,no,True,1.0,completed,pubmedqa-10927144-31353885,,,1218,pubmedqa,no,"

no"
20197761,maybe,no,False,0.0,completed,pubmedqa-20197761-0dcb5189,,,1553,pubmedqa,maybe,"

no"
21394762,yes,yes,True,1.0,completed,pubmedqa-21394762-13080a36,,,1105,pubmedqa,yes,"

yes"
12442934,yes,yes,True,1.0,completed,pubmedqa-12442934-85a2303c,,,1494,pubmedqa,yes,"

yes"
9347843,no,no,True,1.0,completed,pubmedqa-9347843-e6801026,,,1715,pubmedqa,no,"

no"
23072266,yes,yes,True,1.0,completed,pubmedqa-23072266-02f16adc,,,1576,pubmedqa,yes,"

yes"
12607666,yes,yes,True,1.0,completed,pubmedqa-12607666-9deaeafe,,,4742,pubmedqa,yes,"

yes"
24074624,no,no,True,1.0,completed,pubmedqa-24074624-1da338b4,,,1534,pubmedqa,no,"

no"
17224424,yes,yes,True,1.0,completed,pubmedqa-17224424-c3bbac2b,,,2895,pubmedqa,yes,"

yes"
16097998,yes,yes,True,1.0,completed,pubmedqa-16097998-b7b7c542,,,4915,pubmedqa,yes,"

yes"
25487603,yes,yes,True,1.0,completed,pubmedqa-25487603-aa848469,,,4281,pubmedqa,yes,"

yes"
20594006,no,no,True,1.0,completed,pubmedqa-20594006-2fcd3c2d,,,3374,pubmedqa,no,"

no"
26363639,yes,yes,True,1.0,completed,pubmedqa-26363639-a26858e7,,,1291,pubmedqa,yes,"

yes"
27405146,yes,maybe,False,0.0,completed,pubmedqa-27405146-1eee96a6,,,10581,pubmedqa,yes,"

maybe"
17192736,no,no,True,1.0,completed,pubmedqa-17192736-74641f7a,,,1310,pubmedqa,no,"

no"
14652839,no,no,True,1.0,completed,pubmedqa-14652839-4202f9a1,,,2099,pubmedqa,no,"

no"
12145243,yes,yes,True,1.0,completed,pubmedqa-12145243-2423f7a6,,,1941,pubmedqa,yes,"

yes"
25571931,maybe,no,False,0.0,completed,pubmedqa-25571931-a02f25dd,,,1555,pubmedqa,maybe,"

no"
19108857,yes,maybe,False,0.0,completed,pubmedqa-19108857-7ce0653e,,,6091,pubmedqa,yes,"

maybe"
25443385,yes,yes,True,1.0,completed,pubmedqa-25443385-0afcfc2a,,,3772,pubmedqa,yes,"

yes"
18719011,no,no,True,1.0,completed,pubmedqa-18719011-906666b0,,,2182,pubmedqa,no,"

no"
9044116,no,no,True,1.0,completed,pubmedqa-9044116-3a3555b2,,,4304,pubmedqa,no,"

no"
23621776,no,no,True,1.0,completed,pubmedqa-23621776-efeccfea,,,2345,pubmedqa,no,"

no"
12970636,no,yes,False,0.0,completed,pubmedqa-12970636-25c0a539,,,5266,pubmedqa,no,"

yes"
21084567,yes,yes,True,1.0,completed,pubmedqa-21084567-e5d91631,,,1450,pubmedqa,yes,"

yes"
19546588,no,no,True,1.0,completed,pubmedqa-19546588-7438ff90,,,1858,pubmedqa,no,"

no"
19923859,yes,yes,True,1.0,completed,pubmedqa-19923859-f0f0d0ac,,,2912,pubmedqa,yes,"

yes"
18616781,yes,yes,True,1.0,completed,pubmedqa-18616781-b3ee1b07,,,1547,pubmedqa,yes,"

yes"
27991408,no,no,True,1.0,completed,pubmedqa-27991408-0dfc11c6,,,1912,pubmedqa,no,"

no"
14655021,no,no,True,1.0,completed,pubmedqa-14655021-3b27cc94,,,2755,pubmedqa,no,"

no"
26175531,no,no,True,1.0,completed,pubmedqa-26175531-f9264b58,,,1043,pubmedqa,no,"

no"
25168472,yes,yes,True,1.0,completed,pubmedqa-25168472-e50d8da7,,,1679,pubmedqa,yes,"

yes"
9446993,no,no,True,1.0,completed,pubmedqa-9446993-32a82cc7,,,2655,pubmedqa,no,"

no"
10473855,no,yes,False,0.0,completed,pubmedqa-10473855-c82c7f92,,,4467,pubmedqa,no,"

yes"
28006766,yes,yes,True,1.0,completed,pubmedqa-28006766-8ff597a9,,,1626,pubmedqa,yes,"

yes"
11833948,yes,yes,True,1.0,completed,pubmedqa-11833948-6c052725,,,2064,pubmedqa,yes,"

yes"
27757987,no,no,True,1.0,completed,pubmedqa-27757987-7c8c1566,,,1581,pubmedqa,no,"

no"
16772913,yes,yes,True,1.0,completed,pubmedqa-16772913-880c7066,,,2348,pubmedqa,yes,"

yes"
19575104,no,yes,False,0.0,completed,pubmedqa-19575104-1c8ad375,,,3105,pubmedqa,no,"

yes"
24449622,no,yes,False,0.0,completed,pubmedqa-24449622-330f7008,,,2997,pubmedqa,no,"

yes"
12095973,no,no,True,1.0,completed,pubmedqa-12095973-23411583,,,4391,pubmedqa,no,"

no"
23761381,no,no,True,1.0,completed,pubmedqa-23761381-0817f635,,,4235,pubmedqa,no,"

no"
16971978,yes,yes,True,1.0,completed,pubmedqa-16971978-16ad74b2,,,1422,pubmedqa,yes,"

yes"
10375486,no,no,True,1.0,completed,pubmedqa-10375486-278c971a,,,2395,pubmedqa,no,"

no"
21558951,no,no,True,1.0,completed,pubmedqa-21558951-84ba3979,,,1534,pubmedqa,no,"

no"
15528969,yes,yes,True,1.0,completed,pubmedqa-15528969-2d390869,,,1790,pubmedqa,yes,"

yes"
17062225,yes,yes,True,1.0,completed,pubmedqa-17062225-6f368908,,,9749,pubmedqa,yes,"

yes"
14713788,yes,yes,True,1.0,completed,pubmedqa-14713788-c37ff643,,,1223,pubmedqa,yes,"

yes"
24374414,yes,yes,True,1.0,completed,pubmedqa-24374414-f56d7319,,,1288,pubmedqa,yes,"

yes"
20736887,no,no,True,1.0,completed,pubmedqa-20736887-5d1bce1c,,,2112,pubmedqa,no,"

no"
22504515,no,no,True,1.0,completed,pubmedqa-22504515-4dd27196,,,1736,pubmedqa,no,"

no"
10577397,yes,yes,True,1.0,completed,pubmedqa-10577397-44865fc8,,,2376,pubmedqa,yes,"

yes"
15369037,yes,yes,True,1.0,completed,pubmedqa-15369037-10040bb1,,,1882,pubmedqa,yes,"

yes"
24073931,no,no,True,1.0,completed,pubmedqa-24073931-dd04f32d,,,4316,pubmedqa,no,"

no"
18472368,yes,yes,True,1.0,completed,pubmedqa-18472368-b29be03a,,,1848,pubmedqa,yes,"

yes"
23992109,yes,yes,True,1.0,completed,pubmedqa-23992109-99d01ee2,,,2692,pubmedqa,yes,"

yes"
21164063,no,yes,False,0.0,completed,pubmedqa-21164063-fccdd944,,,2007,pubmedqa,no,"

yes"
21951591,yes,yes,True,1.0,completed,pubmedqa-21951591-975547c8,,,4160,pubmedqa,yes,"

yes"
18619710,no,no,True,1.0,completed,pubmedqa-18619710-aed2a229,,,1234,pubmedqa,no,"

no"
18784527,no,yes,False,0.0,completed,pubmedqa-18784527-f0604bea,,,4206,pubmedqa,no,"

yes"
15919266,no,no,True,1.0,completed,pubmedqa-15919266-cc80bd8a,,,4700,pubmedqa,no,"

no"
2503176,yes,yes,True,1.0,completed,pubmedqa-2503176-01243717,,,1560,pubmedqa,yes,"

yes"
22108230,yes,yes,True,1.0,completed,pubmedqa-22108230-064bbc4a,,,1506,pubmedqa,yes,"

yes"
20338971,yes,yes,True,1.0,completed,pubmedqa-20338971-49ce00e7,,,1347,pubmedqa,yes,"

yes"
17276801,yes,yes,True,1.0,completed,pubmedqa-17276801-6c8502a5,,,1808,pubmedqa,yes,"

yes"
20497880,no,no,True,1.0,completed,pubmedqa-20497880-934564b9,,,3774,pubmedqa,no,"

no"
23495128,yes,yes,True,1.0,completed,pubmedqa-23495128-02af67ca,,,2199,pubmedqa,yes,"

yes"
26701174,yes,yes,True,1.0,completed,pubmedqa-26701174-db0e903a,,,2027,pubmedqa,yes,"

yes"
24695920,yes,yes,True,1.0,completed,pubmedqa-24695920-5a9e93bc,,,1450,pubmedqa,yes,"

yes"
15488260,yes,yes,True,1.0,completed,pubmedqa-15488260-2adcdf41,,,1678,pubmedqa,yes,"

yes"
15466981,yes,no,False,0.0,completed,pubmedqa-15466981-c4c13bd7,,,11008,pubmedqa,yes,"

no"
18603989,yes,yes,True,1.0,completed,pubmedqa-18603989-10060243,,,3268,pubmedqa,yes,"

yes"
21789019,no,no,True,1.0,completed,pubmedqa-21789019-963bdecb,,,3156,pubmedqa,no,"

no"
14692023,yes,yes,True,1.0,completed,pubmedqa-14692023-567d1247,,,1211,pubmedqa,yes,"

yes"
25150098,yes,yes,True,1.0,completed,pubmedqa-25150098-5e762d91,,,2365,pubmedqa,yes,"

yes"
20337874,no,no,True,1.0,completed,pubmedqa-20337874-d810ec0e,,,4244,pubmedqa,no,"

no"
19198736,no,no,True,1.0,completed,pubmedqa-19198736-960a0b30,,,2598,pubmedqa,no,"

no"
22411435,yes,yes,True,1.0,completed,pubmedqa-22411435-dcffd40f,,,2307,pubmedqa,yes,"

yes"
16266387,yes,yes,True,1.0,completed,pubmedqa-16266387-fad9f429,,,1686,pubmedqa,yes,"

yes"
23792130,yes,yes,True,1.0,completed,pubmedqa-23792130-2212c542,,,2234,pubmedqa,yes,"

yes"
17462393,no,no,True,1.0,completed,pubmedqa-17462393-6fb58259,,,2197,pubmedqa,no,"

no"
21457946,yes,yes,True,1.0,completed,pubmedqa-21457946-38debb34,,,1318,pubmedqa,yes,"

yes"
26383908,yes,yes,True,1.0,completed,pubmedqa-26383908-558d87a2,,,2314,pubmedqa,yes,"

yes"
19481382,no,yes,False,0.0,completed,pubmedqa-19481382-8cda658b,,,2335,pubmedqa,no,"

yes"
25699562,yes,yes,True,1.0,completed,pubmedqa-25699562-56069bb6,,,1744,pubmedqa,yes,"

yes"
17682349,yes,yes,True,1.0,completed,pubmedqa-17682349-d6880718,,,4932,pubmedqa,yes,"

yes"
18251357,yes,yes,True,1.0,completed,pubmedqa-18251357-77b12759,,,2443,pubmedqa,yes,"

yes"
20971618,maybe,no,False,0.0,completed,pubmedqa-20971618-c396857e,,,4448,pubmedqa,maybe,"

no"
19648304,yes,yes,True,1.0,completed,pubmedqa-19648304-86ee31e5,,,1581,pubmedqa,yes,"

yes"
23222920,yes,yes,True,1.0,completed,pubmedqa-23222920-8f06e5a5,,,3229,pubmedqa,yes,"

yes"
21864397,yes,yes,True,1.0,completed,pubmedqa-21864397-40404c2d,,,2645,pubmedqa,yes,"

yes"
26601554,yes,yes,True,1.0,completed,pubmedqa-26601554-0ba8a21f,,,1580,pubmedqa,yes,"

yes"
19322056,yes,yes,True,1.0,completed,pubmedqa-19322056-c97f6b6d,,,1996,pubmedqa,yes,"

yes"
22522271,no,no,True,1.0,completed,pubmedqa-22522271-abe458ec,,,4183,pubmedqa,no,"

no"
9363529,yes,yes,True,1.0,completed,pubmedqa-9363529-a30c81d0,,,1708,pubmedqa,yes,"

yes"
15962678,yes,yes,True,1.0,completed,pubmedqa-15962678-805d0f4d,,,1860,pubmedqa,yes,"

yes"
7547656,no,no,True,1.0,completed,pubmedqa-7547656-ce48a739,,,2301,pubmedqa,no,"

no"
24235894,no,yes,False,0.0,completed,pubmedqa-24235894-57efa624,,,2993,pubmedqa,no,"

yes"
17429333,no,no,True,1.0,completed,pubmedqa-17429333-44502553,,,1822,pubmedqa,no,"

no"
19156007,yes,yes,True,1.0,completed,pubmedqa-19156007-9eaa683d,,,1617,pubmedqa,yes,"

yes"
9603166,no,no,True,1.0,completed,pubmedqa-9603166-93c9f1b7,,,4355,pubmedqa,no,"

no"
24298614,yes,yes,True,1.0,completed,pubmedqa-24298614-d2fef0a7,,,2144,pubmedqa,yes,"

yes"
21849531,no,no,True,1.0,completed,pubmedqa-21849531-6899fce6,,,2236,pubmedqa,no,"

no"
19854401,no,no,True,1.0,completed,pubmedqa-19854401-822196a7,,,1589,pubmedqa,no,"

no"
22237146,yes,yes,True,1.0,completed,pubmedqa-22237146-387c2c41,,,1525,pubmedqa,yes,"

yes"
25793749,maybe,yes,False,0.0,completed,pubmedqa-25793749-bd13cfe9,,,3494,pubmedqa,maybe,"

yes"
15095519,no,no,True,1.0,completed,pubmedqa-15095519-6f0fb015,,,2927,pubmedqa,no,"

no"
25981682,no,no,True,1.0,completed,pubmedqa-25981682-a1625faa,,,3898,pubmedqa,no,"

no"
18284441,maybe,yes,False,0.0,completed,pubmedqa-18284441-866986da,,,2106,pubmedqa,maybe,"

yes"
10173769,yes,no,False,0.0,completed,pubmedqa-10173769-134d3364,,,5889,pubmedqa,yes,"

no"
20354380,yes,yes,True,1.0,completed,pubmedqa-20354380-c456c16f,,,1833,pubmedqa,yes,"

yes"
9616411,yes,yes,True,1.0,completed,pubmedqa-9616411-c9058339,,,1149,pubmedqa,yes,"

yes"
22205377,yes,yes,True,1.0,completed,pubmedqa-22205377-9c0c3658,,,2218,pubmedqa,yes,"

yes"
16241924,no,no,True,1.0,completed,pubmedqa-16241924-3e538158,,,2719,pubmedqa,no,"

no"
12484580,yes,yes,True,1.0,completed,pubmedqa-12484580-1ccce3cf,,,1523,pubmedqa,yes,"

yes"
24599411,yes,yes,True,1.0,completed,pubmedqa-24599411-a8d01dca,,,1741,pubmedqa,yes,"

yes"
23860049,maybe,no,False,0.0,completed,pubmedqa-23860049-22574e02,,,5147,pubmedqa,maybe,"

no"
7664228,no,no,True,1.0,completed,pubmedqa-7664228-c1bf74c5,,,2202,pubmedqa,no,"

no"
22233470,no,no,True,1.0,completed,pubmedqa-22233470-aa5cc2da,,,1916,pubmedqa,no,"

no"
17971187,no,no,True,1.0,completed,pubmedqa-17971187-8d71d2cd,,,1035,pubmedqa,no,"

no"
27394685,no,no,True,1.0,completed,pubmedqa-27394685-3bfe2af4,,,1679,pubmedqa,no,"

no"
25079920,maybe,yes,False,0.0,completed,pubmedqa-25079920-40257362,,,9100,pubmedqa,maybe,"

yes"
17355582,yes,yes,True,1.0,completed,pubmedqa-17355582-8bc7c701,,,1499,pubmedqa,yes,"

yes"
20736672,maybe,yes,False,0.0,completed,pubmedqa-20736672-94f5dd8a,,,1166,pubmedqa,maybe,"

yes"
12419743,yes,yes,True,1.0,completed,pubmedqa-12419743-dc28d8eb,,,1859,pubmedqa,yes,"

yes"
10973547,no,no,True,1.0,completed,pubmedqa-10973547-e2f67e60,,,2068,pubmedqa,no,"

no"
25499207,yes,yes,True,1.0,completed,pubmedqa-25499207-0e4f78d9,,,3154,pubmedqa,yes,"

yes"
26133538,no,maybe,False,0.0,completed,pubmedqa-26133538-f7c64095,,,12009,pubmedqa,no,"

maybe"
26163474,yes,yes,True,1.0,completed,pubmedqa-26163474-b834e5fc,,,1004,pubmedqa,yes,"

yes"
14968373,yes,yes,True,1.0,completed,pubmedqa-14968373-3f1003c9,,,2450,pubmedqa,yes,"

yes"
24698298,no,no,True,1.0,completed,pubmedqa-24698298-cb087b81,,,2430,pubmedqa,no,"

no"
23088164,no,no,True,1.0,completed,pubmedqa-23088164-cdbc554f,,,1354,pubmedqa,no,"

no"
24481006,yes,yes,True,1.0,completed,pubmedqa-24481006-87a3b7c6,,,4125,pubmedqa,yes,"

yes"
17032327,no,no,True,1.0,completed,pubmedqa-17032327-b05cb472,,,1072,pubmedqa,no,"

no"
22658587,yes,yes,True,1.0,completed,pubmedqa-22658587-c0c83d81,,,3395,pubmedqa,yes,"

yes"
8916748,yes,yes,True,1.0,completed,pubmedqa-8916748-3332f783,,,1743,pubmedqa,yes,"

yes"
16361634,maybe,yes,False,0.0,completed,pubmedqa-16361634-c6fa6bb7,,,9419,pubmedqa,maybe,"

yes"
25756710,yes,yes,True,1.0,completed,pubmedqa-25756710-ed6eb2af,,,1713,pubmedqa,yes,"

yes"
23916653,yes,yes,True,1.0,completed,pubmedqa-23916653-f9d8ea9b,,,2076,pubmedqa,yes,"

yes"
12790890,maybe,no,False,0.0,completed,pubmedqa-12790890-7cfa2a59,,,2747,pubmedqa,maybe,"

no"
23449952,no,no,True,1.0,completed,pubmedqa-23449952-208ddfcc,,,1869,pubmedqa,no,"

no"
10430303,yes,yes,True,1.0,completed,pubmedqa-10430303-cb00dcc7,,,2084,pubmedqa,yes,"

yes"
20605051,yes,no,False,0.0,completed,pubmedqa-20605051-0110c69d,,,4300,pubmedqa,yes,"

no"
23048048,yes,yes,True,1.0,completed,pubmedqa-23048048-774ae787,,,2858,pubmedqa,yes,"

yes"
16991071,yes,yes,True,1.0,completed,pubmedqa-16991071-3b8005b4,,,3896,pubmedqa,yes,"

yes"
12090319,no,no,True,1.0,completed,pubmedqa-12090319-42a8cdbf,,,1882,pubmedqa,no,"

no"
24614851,yes,yes,True,1.0,completed,pubmedqa-24614851-35fb4581,,,2357,pubmedqa,yes,"

yes"
17578985,maybe,yes,False,0.0,completed,pubmedqa-17578985-8f564cce,,,1931,pubmedqa,maybe,"

yes"
26965932,yes,no,False,0.0,completed,pubmedqa-26965932-a53f100d,,,8394,pubmedqa,yes,"

no"
15137012,no,no,True,1.0,completed,pubmedqa-15137012-9a4cdaba,,,3611,pubmedqa,no,"

no"
21194998,no,no,True,1.0,completed,pubmedqa-21194998-0c467e67,,,1915,pubmedqa,no,"

no"
15787677,maybe,yes,False,0.0,completed,pubmedqa-15787677-347dbfa3,,,2686,pubmedqa,maybe,"

yes"
24625433,no,no,True,1.0,completed,pubmedqa-24625433-c241aa94,,,2243,pubmedqa,no,"

no"
25304452,yes,yes,True,1.0,completed,pubmedqa-25304452-0734b265,,,3914,pubmedqa,yes,"

yes"
19711462,maybe,yes,False,0.0,completed,pubmedqa-19711462-4e4f35ef,,,5016,pubmedqa,maybe,"

yes"
28196511,no,no,True,1.0,completed,pubmedqa-28196511-39b06429,,,3720,pubmedqa,no,"

no"
24591144,maybe,yes,False,0.0,completed,pubmedqa-24591144-7ab99d7d,,,2067,pubmedqa,maybe,"

yes"
21431987,no,no,True,1.0,completed,pubmedqa-21431987-a59046de,,,3940,pubmedqa,no,"

no"
18928979,yes,yes,True,1.0,completed,pubmedqa-18928979-a829f5c0,,,1557,pubmedqa,yes,"

yes"
25752725,yes,yes,True,1.0,completed,pubmedqa-25752725-8780d650,,,4590,pubmedqa,yes,"

yes"
12855939,no,no,True,1.0,completed,pubmedqa-12855939-05b13aeb,,,2258,pubmedqa,no,"

no"
24476003,no,no,True,1.0,completed,pubmedqa-24476003-cc92bb15,,,1981,pubmedqa,no,"

no"
24606627,yes,yes,True,1.0,completed,pubmedqa-24606627-f9f90c5a,,,2930,pubmedqa,yes,"

yes"
23386371,maybe,yes,False,0.0,completed,pubmedqa-23386371-c1eb0bbf,,,3196,pubmedqa,maybe,"

yes"
10922093,yes,yes,True,1.0,completed,pubmedqa-10922093-ca0bf66e,,,4201,pubmedqa,yes,"

yes"
20602101,no,no,True,1.0,completed,pubmedqa-20602101-9586146a,,,1186,pubmedqa,no,"

no"
18065862,yes,yes,True,1.0,completed,pubmedqa-18065862-283c098c,,,1319,pubmedqa,yes,"

yes"
9569972,yes,yes,True,1.0,completed,pubmedqa-9569972-f77b9c97,,,2126,pubmedqa,yes,"

yes"
25406780,yes,yes,True,1.0,completed,pubmedqa-25406780-2ad55a21,,,1889,pubmedqa,yes,"

yes"
20629769,yes,yes,True,1.0,completed,pubmedqa-20629769-5aa276cb,,,3477,pubmedqa,yes,"

yes"
23149821,maybe,yes,False,0.0,completed,pubmedqa-23149821-289ff84d,,,5709,pubmedqa,maybe,"

yes"
11483547,no,no,True,1.0,completed,pubmedqa-11483547-46e972e7,,,2413,pubmedqa,no,"

no"
27884344,yes,yes,True,1.0,completed,pubmedqa-27884344-d299cdcc,,,3037,pubmedqa,yes,"

yes"
18800356,maybe,maybe,True,1.0,completed,pubmedqa-18800356-74e8a521,,,5608,pubmedqa,maybe,"

maybe"
22301406,yes,yes,True,1.0,completed,pubmedqa-22301406-717f0ca7,,,1538,pubmedqa,yes,"

yes"
26079501,no,no,True,1.0,completed,pubmedqa-26079501-192dcf5d,,,1589,pubmedqa,no,"

no"
15774570,no,no,True,1.0,completed,pubmedqa-15774570-2afb8a16,,,3630,pubmedqa,no,"

no"
18319270,no,no,True,1.0,completed,pubmedqa-18319270-6d6f7a68,,,2281,pubmedqa,no,"

no"
26209118,no,no,True,1.0,completed,pubmedqa-26209118-a25b1fe2,,,1981,pubmedqa,no,"

no"
11713724,no,no,True,1.0,completed,pubmedqa-11713724-227cc3c0,,,3617,pubmedqa,no,"

no"
25070942,no,no,True,1.0,completed,pubmedqa-25070942-ba4576ae,,,5765,pubmedqa,no,"

no"
19683101,no,no,True,1.0,completed,pubmedqa-19683101-0d130efa,,,946,pubmedqa,no,"

no"
10783841,yes,yes,True,1.0,completed,pubmedqa-10783841-47b09b9a,,,1289,pubmedqa,yes,"

yes"
11862129,no,no,True,1.0,completed,pubmedqa-11862129-d37cd6ca,,,1492,pubmedqa,no,"

no"
23455575,no,no,True,1.0,completed,pubmedqa-23455575-1c9ecf3d,,,2890,pubmedqa,no,"

no"
21848798,yes,no,False,0.0,completed,pubmedqa-21848798-0d3d5206,,,3235,pubmedqa,yes,"

no"
25103647,maybe,no,False,0.0,completed,pubmedqa-25103647-cab4af57,,,4512,pubmedqa,maybe,"

no"
19406119,yes,yes,True,1.0,completed,pubmedqa-19406119-180f1673,,,3796,pubmedqa,yes,"

yes"
24359102,yes,yes,True,1.0,completed,pubmedqa-24359102-6d5c8abc,,,9506,pubmedqa,yes,"

yes"
18802997,maybe,yes,False,0.0,completed,pubmedqa-18802997-038d9596,,,1457,pubmedqa,maybe,"

yes"
26304701,yes,yes,True,1.0,completed,pubmedqa-26304701-9f331658,,,1502,pubmedqa,yes,"

yes"
19058191,yes,yes,True,1.0,completed,pubmedqa-19058191-e8d995d2,,,1236,pubmedqa,yes,"

yes"
27549226,yes,yes,True,1.0,completed,pubmedqa-27549226-127f80e5,,,4206,pubmedqa,yes,"

yes"
24799031,no,no,True,1.0,completed,pubmedqa-24799031-6477db75,,,1134,pubmedqa,no,"

no"
25043083,yes,yes,True,1.0,completed,pubmedqa-25043083-92f32ad8,,,1657,pubmedqa,yes,"

yes"
26516021,yes,yes,True,1.0,completed,pubmedqa-26516021-353c3c71,,,1790,pubmedqa,yes,"

yes"
23736032,yes,yes,True,1.0,completed,pubmedqa-23736032-069ad9d7,,,3448,pubmedqa,yes,"

yes"
17312514,yes,yes,True,1.0,completed,pubmedqa-17312514-247374cb,,,7516,pubmedqa,yes,"

yes"
23002947,no,no,True,1.0,completed,pubmedqa-23002947-abf6bf9c,,,1760,pubmedqa,no,"

no"
23453079,yes,yes,True,1.0,completed,pubmedqa-23453079-9fe38b74,,,11630,pubmedqa,yes,"

yes"
15053041,no,no,True,1.0,completed,pubmedqa-15053041-57c52baf,,,2397,pubmedqa,no,"

no"
9465206,yes,yes,True,1.0,completed,pubmedqa-9465206-d995d867,,,2880,pubmedqa,yes,"

yes"
19593710,yes,yes,True,1.0,completed,pubmedqa-19593710-96621912,,,2753,pubmedqa,yes,"

yes"
8521557,no,yes,False,0.0,completed,pubmedqa-8521557-d8415277,,,4582,pubmedqa,no,"

yes"
24340838,yes,yes,True,1.0,completed,pubmedqa-24340838-ddc99bd4,,,3223,pubmedqa,yes,"

yes"
24751724,yes,yes,True,1.0,completed,pubmedqa-24751724-2749236a,,,1418,pubmedqa,yes,"

yes"
21368683,yes,yes,True,1.0,completed,pubmedqa-21368683-c16ab44c,,,1208,pubmedqa,yes,"

yes"
27832831,no,no,True,1.0,completed,pubmedqa-27832831-9a783b84,,,2055,pubmedqa,no,"

no"
15208005,yes,yes,True,1.0,completed,pubmedqa-15208005-97f4707c,,,1532,pubmedqa,yes,"

yes"
24958650,yes,yes,True,1.0,completed,pubmedqa-24958650-ea77a4ab,,,1710,pubmedqa,yes,"

yes"
16713745,yes,yes,True,1.0,completed,pubmedqa-16713745-74c1a612,,,2199,pubmedqa,yes,"

yes"
24669960,no,no,True,1.0,completed,pubmedqa-24669960-d4bff66d,,,1907,pubmedqa,no,"

no"
9278754,yes,yes,True,1.0,completed,pubmedqa-9278754-6e1cf0b0,,,3103,pubmedqa,yes,"

yes"
8738894,no,yes,False,0.0,completed,pubmedqa-8738894-74a9180e,,,3224,pubmedqa,no,"

yes"
24671913,yes,yes,True,1.0,completed,pubmedqa-24671913-29b962c4,,,1595,pubmedqa,yes,"

yes"
22540518,yes,yes,True,1.0,completed,pubmedqa-22540518-6c1b45fa,,,1423,pubmedqa,yes,"

yes"
16538201,maybe,yes,False,0.0,completed,pubmedqa-16538201-ca4bfea7,,,2800,pubmedqa,maybe,"

yes"
17054994,no,no,True,1.0,completed,pubmedqa-17054994-3b10bbce,,,1491,pubmedqa,no,"

no"
26999038,yes,yes,True,1.0,completed,pubmedqa-26999038-592b4db1,,,1930,pubmedqa,yes,"

yes"
23598835,no,no,True,1.0,completed,pubmedqa-23598835-6c4afe0c,,,1973,pubmedqa,no,"

no"
17890090,yes,yes,True,1.0,completed,pubmedqa-17890090-1424744c,,,6142,pubmedqa,yes,"

yes"
22813804,no,yes,False,0.0,completed,pubmedqa-22813804-c021e3ef,,,2922,pubmedqa,no,"

yes"
26923375,yes,yes,True,1.0,completed,pubmedqa-26923375-3c4e5d2b,,,1607,pubmedqa,yes,"

yes"
20304513,no,no,True,1.0,completed,pubmedqa-20304513-e2530ab7,,,4644,pubmedqa,no,"

no"
21689015,yes,yes,True,1.0,completed,pubmedqa-21689015-fba247ae,,,3355,pubmedqa,yes,"

yes"
10811329,yes,yes,True,1.0,completed,pubmedqa-10811329-1e7635cf,,,2335,pubmedqa,yes,"

yes"
10834864,no,no,True,1.0,completed,pubmedqa-10834864-0aaaad51,,,1401,pubmedqa,no,"

no"
27909738,no,no,True,1.0,completed,pubmedqa-27909738-154382b8,,,1302,pubmedqa,no,"

no"
26063028,yes,yes,True,1.0,completed,pubmedqa-26063028-a5003c82,,,4083,pubmedqa,yes,"

yes"
25034219,no,no,True,1.0,completed,pubmedqa-25034219-5f310025,,,3777,pubmedqa,no,"

no"
25521278,yes,yes,True,1.0,completed,pubmedqa-25521278-1869a05d,,,1290,pubmedqa,yes,"

yes"
27908583,yes,yes,True,1.0,completed,pubmedqa-27908583-b2ff31ac,,,3360,pubmedqa,yes,"

yes"
23422012,no,maybe,False,0.0,completed,pubmedqa-23422012-3cf95474,,,1674,pubmedqa,no,"

maybe"
11500608,no,no,True,1.0,completed,pubmedqa-11500608-7f9eadf0,,,1967,pubmedqa,no,"

no"
8111516,yes,yes,True,1.0,completed,pubmedqa-8111516-aca3e04a,,,2979,pubmedqa,yes,"

yes"
25604390,yes,yes,True,1.0,completed,pubmedqa-25604390-08b0d97b,,,2276,pubmedqa,yes,"

yes"
25985014,no,no,True,1.0,completed,pubmedqa-25985014-040e846f,,,2289,pubmedqa,no,"

no"
14627582,no,no,True,1.0,completed,pubmedqa-14627582-cace5361,,,4582,pubmedqa,no,"

no"
18570208,yes,yes,True,1.0,completed,pubmedqa-18570208-2d7e4303,,,2443,pubmedqa,yes,"

yes"
23448747,yes,yes,True,1.0,completed,pubmedqa-23448747-c75c6bd7,,,1259,pubmedqa,yes,"

yes"
20156655,yes,yes,True,1.0,completed,pubmedqa-20156655-5e056545,,,4688,pubmedqa,yes,"

yes"
16147837,yes,yes,True,1.0,completed,pubmedqa-16147837-efb85991,,,1779,pubmedqa,yes,"

yes"
16249670,no,yes,False,0.0,completed,pubmedqa-16249670-9b53c0af,,,7859,pubmedqa,no,"

yes"
24495711,yes,yes,True,1.0,completed,pubmedqa-24495711-b7c47fb0,,,1311,pubmedqa,yes,"

yes"
20101129,maybe,maybe,True,1.0,completed,pubmedqa-20101129-5019b5dc,,,2435,pubmedqa,maybe,"

maybe"
17593459,yes,yes,True,1.0,completed,pubmedqa-17593459-8f3e6f1d,,,1594,pubmedqa,yes,"

yes"
24577079,no,no,True,1.0,completed,pubmedqa-24577079-71536722,,,1311,pubmedqa,no,"

no"
9582182,yes,no,False,0.0,completed,pubmedqa-9582182-f9f89da2,,,1579,pubmedqa,yes,"

no"
17715311,yes,yes,True,1.0,completed,pubmedqa-17715311-5603baf1,,,3098,pubmedqa,yes,"

yes"
12094116,yes,no,False,0.0,completed,pubmedqa-12094116-f9ab3538,,,1743,pubmedqa,yes,"

no"
19430778,yes,yes,True,1.0,completed,pubmedqa-19430778-e2d92219,,,6566,pubmedqa,yes,"

yes"
12848629,yes,yes,True,1.0,completed,pubmedqa-12848629-7c095ef5,,,1561,pubmedqa,yes,"

yes"
10732884,no,no,True,1.0,completed,pubmedqa-10732884-04a2adb2,,,1456,pubmedqa,no,"

no"
23568387,no,no,True,1.0,completed,pubmedqa-23568387-8b0a92db,,,2161,pubmedqa,no,"

no"
25675614,yes,yes,True,1.0,completed,pubmedqa-25675614-4a1a17b9,,,2417,pubmedqa,yes,"

yes"
26864326,yes,no,False,0.0,completed,pubmedqa-26864326-85b68df9,,,2155,pubmedqa,yes,"

no"
26784147,no,no,True,1.0,completed,pubmedqa-26784147-92908ac9,,,1924,pubmedqa,no,"

no"
20850631,yes,yes,True,1.0,completed,pubmedqa-20850631-b2be6150,,,1806,pubmedqa,yes,"

yes"
22849512,maybe,no,False,0.0,completed,pubmedqa-22849512-11a110a5,,,3788,pubmedqa,maybe,"

no"
27642458,no,no,True,1.0,completed,pubmedqa-27642458-3816ac96,,,8112,pubmedqa,no,"

no"
17403428,no,no,True,1.0,completed,pubmedqa-17403428-81598357,,,2418,pubmedqa,no,"

no"
21252642,no,no,True,1.0,completed,pubmedqa-21252642-92df76d9,,,1678,pubmedqa,no,"

no"
25503376,yes,yes,True,1.0,completed,pubmedqa-25503376-e22b109c,,,2142,pubmedqa,yes,"

yes"
12172698,yes,yes,True,1.0,completed,pubmedqa-12172698-8c1cebd7,,,5523,pubmedqa,yes,"

yes"
19351635,maybe,no,False,0.0,completed,pubmedqa-19351635-ea983dd9,,,7238,pubmedqa,maybe,"

no"
17551944,yes,yes,True,1.0,completed,pubmedqa-17551944-94df88d9,,,1818,pubmedqa,yes,"

yes"
17606778,yes,yes,True,1.0,completed,pubmedqa-17606778-3147b32a,,,2141,pubmedqa,yes,"

yes"
24318956,yes,yes,True,1.0,completed,pubmedqa-24318956-b3e27f9b,,,2318,pubmedqa,yes,"

yes"
26044262,no,yes,False,0.0,completed,pubmedqa-26044262-26bbbdd5,,,2196,pubmedqa,no,"

yes"
20011163,yes,maybe,False,0.0,completed,pubmedqa-20011163-cb37aebf,,,8406,pubmedqa,yes,"

maybe"
16735905,maybe,yes,False,0.0,completed,pubmedqa-16735905-6dab2b22,,,2307,pubmedqa,maybe,"

yes"
18670651,yes,yes,True,1.0,completed,pubmedqa-18670651-18c426c4,,,3266,pubmedqa,yes,"

yes"
11034241,maybe,no,False,0.0,completed,pubmedqa-11034241-cf675510,,,6250,pubmedqa,maybe,"

no"
24013712,yes,yes,True,1.0,completed,pubmedqa-24013712-1b6da531,,,1499,pubmedqa,yes,"

yes"
23240452,no,no,True,1.0,completed,pubmedqa-23240452-ea7aee96,,,2957,pubmedqa,no,"

no"
21420186,yes,no,False,0.0,completed,pubmedqa-21420186-1cde949e,,,13862,pubmedqa,yes,"

no"
22302761,yes,yes,True,1.0,completed,pubmedqa-22302761-74339a2e,,,1737,pubmedqa,yes,"

yes"
21979183,no,no,True,1.0,completed,pubmedqa-21979183-186f639f,,,2227,pubmedqa,no,"

no"
12607120,no,no,True,1.0,completed,pubmedqa-12607120-cb388667,,,2034,pubmedqa,no,"

no"
21914194,maybe,yes,False,0.0,completed,pubmedqa-21914194-eecde1c7,,,1600,pubmedqa,maybe,"

yes"
25725704,yes,yes,True,1.0,completed,pubmedqa-25725704-11842e2d,,,4680,pubmedqa,yes,"

yes"
24516646,yes,yes,True,1.0,completed,pubmedqa-24516646-e39dd8ab,,,2759,pubmedqa,yes,"

yes"
28247485,yes,yes,True,1.0,completed,pubmedqa-28247485-f94bcde9,,,1675,pubmedqa,yes,"

yes"
11334578,no,no,True,1.0,completed,pubmedqa-11334578-64960894,,,4598,pubmedqa,no,"

no"
21593045,no,no,True,1.0,completed,pubmedqa-21593045-02f438ab,,,1789,pubmedqa,no,"

no"
22902073,yes,yes,True,1.0,completed,pubmedqa-22902073-91a8fbd7,,,3298,pubmedqa,yes,"

yes"
26471488,no,no,True,1.0,completed,pubmedqa-26471488-561312a7,,,2053,pubmedqa,no,"

no"
16647887,no,no,True,1.0,completed,pubmedqa-16647887-0c1d7f29,,,1447,pubmedqa,no,"

no"
22668712,no,no,True,1.0,completed,pubmedqa-22668712-51a0d68a,,,4080,pubmedqa,no,"

no"
18439500,no,no,True,1.0,completed,pubmedqa-18439500-da995716,,,1896,pubmedqa,no,"

no"
23347337,yes,yes,True,1.0,completed,pubmedqa-23347337-11fc35e8,,,3443,pubmedqa,yes,"

yes"
22970993,yes,yes,True,1.0,completed,pubmedqa-22970993-ca02a691,,,1519,pubmedqa,yes,"

yes"
16498158,yes,no,False,0.0,completed,pubmedqa-16498158-db904e3e,,,5559,pubmedqa,yes,"

no"
24622801,yes,yes,True,1.0,completed,pubmedqa-24622801-96b3f759,,,1409,pubmedqa,yes,"

yes"
15000338,no,no,True,1.0,completed,pubmedqa-15000338-0c8fa191,,,1560,pubmedqa,no,"

no"
22491528,maybe,yes,False,0.0,completed,pubmedqa-22491528-bce97455,,,2036,pubmedqa,maybe,"

yes"
11247896,maybe,no,False,0.0,completed,pubmedqa-11247896-08c50bbc,,,9312,pubmedqa,maybe,"

no"
19145527,maybe,yes,False,0.0,completed,pubmedqa-19145527-5f9351ea,,,1569,pubmedqa,maybe,"

yes"
18568239,yes,yes,True,1.0,completed,pubmedqa-18568239-db470a31,,,2693,pubmedqa,yes,"

yes"
22075911,yes,yes,True,1.0,completed,pubmedqa-22075911-d8839814,,,1590,pubmedqa,yes,"

yes"
10401824,yes,yes,True,1.0,completed,pubmedqa-10401824-a0bd2920,,,1664,pubmedqa,yes,"

yes"
21880023,no,yes,False,0.0,completed,pubmedqa-21880023-d794f17a,,,6956,pubmedqa,no,"

yes"
21726930,yes,yes,True,1.0,completed,pubmedqa-21726930-fd9b2f45,,,1774,pubmedqa,yes,"

yes"
22768311,no,no,True,1.0,completed,pubmedqa-22768311-215ab023,,,7516,pubmedqa,no,"

no"
25636371,maybe,yes,False,0.0,completed,pubmedqa-25636371-f0118bc2,,,1887,pubmedqa,maybe,"

yes"
15050326,yes,yes,True,1.0,completed,pubmedqa-15050326-c1984ef9,,,1333,pubmedqa,yes,"

yes"
23412195,yes,yes,True,1.0,completed,pubmedqa-23412195-556292c5,,,2032,pubmedqa,yes,"

yes"
16968183,yes,yes,True,1.0,completed,pubmedqa-16968183-354076fe,,,1350,pubmedqa,yes,"

yes"
23359100,yes,yes,True,1.0,completed,pubmedqa-23359100-650f9752,,,2273,pubmedqa,yes,"

yes"
15943725,yes,yes,True,1.0,completed,pubmedqa-15943725-69cf79c1,,,4020,pubmedqa,yes,"

yes"
25735444,maybe,yes,False,0.0,completed,pubmedqa-25735444-76477d31,,,5198,pubmedqa,maybe,"

yes"
9722752,yes,yes,True,1.0,completed,pubmedqa-9722752-e17cb999,,,4497,pubmedqa,yes,"

yes"
23870157,yes,yes,True,1.0,completed,pubmedqa-23870157-8ca1ae73,,,1689,pubmedqa,yes,"

yes"
22303473,no,no,True,1.0,completed,pubmedqa-22303473-3a5021e2,,,1479,pubmedqa,no,"

no"
24995509,maybe,no,False,0.0,completed,pubmedqa-24995509-9c7438f7,,,2068,pubmedqa,maybe,"

no"
24270957,yes,yes,True,1.0,completed,pubmedqa-24270957-4653d696,,,2306,pubmedqa,yes,"

yes"
23848044,yes,yes,True,1.0,completed,pubmedqa-23848044-9ccfce36,,,3726,pubmedqa,yes,"

yes"
9920954,yes,yes,True,1.0,completed,pubmedqa-9920954-94da1d61,,,2266,pubmedqa,yes,"

yes"
21276532,yes,yes,True,1.0,completed,pubmedqa-21276532-54aeeb93,,,1677,pubmedqa,yes,"

yes"
23379759,yes,yes,True,1.0,completed,pubmedqa-23379759-1574bd3d,,,4565,pubmedqa,yes,"

yes"
25891436,yes,yes,True,1.0,completed,pubmedqa-25891436-597eab41,,,1703,pubmedqa,yes,"

yes"
24450673,no,no,True,1.0,completed,pubmedqa-24450673-69cebfd9,,,2322,pubmedqa,no,"

no"
17914515,yes,yes,True,1.0,completed,pubmedqa-17914515-92fe83e1,,,4467,pubmedqa,yes,"

yes"
24739448,no,no,True,1.0,completed,pubmedqa-24739448-d3492523,,,1910,pubmedqa,no,"

no"
19444061,no,no,True,1.0,completed,pubmedqa-19444061-7a95be81,,,2355,pubmedqa,no,"

no"
25669733,yes,yes,True,1.0,completed,pubmedqa-25669733-f11a780b,,,1450,pubmedqa,yes,"

yes"
20577124,yes,yes,True,1.0,completed,pubmedqa-20577124-7270e6b3,,,1970,pubmedqa,yes,"

yes"
21592383,no,no,True,1.0,completed,pubmedqa-21592383-fed212f9,,,3488,pubmedqa,no,"

no"
11053064,no,no,True,1.0,completed,pubmedqa-11053064-330654cb,,,7123,pubmedqa,no,"

no"
9745063,yes,yes,True,1.0,completed,pubmedqa-9745063-0735dd95,,,3336,pubmedqa,yes,"

yes"
11138995,no,no,True,1.0,completed,pubmedqa-11138995-7e0dcd80,,,1906,pubmedqa,no,"

no"
15475728,yes,yes,True,1.0,completed,pubmedqa-15475728-11bd0e07,,,1950,pubmedqa,yes,"

yes"
12121321,yes,yes,True,1.0,completed,pubmedqa-12121321-6c4b754e,,,2075,pubmedqa,yes,"

yes"
17342562,no,no,True,1.0,completed,pubmedqa-17342562-b0dd5a2c,,,2646,pubmedqa,no,"

no"
28011794,maybe,no,False,0.0,completed,pubmedqa-28011794-6ae3d04f,,,4109,pubmedqa,maybe,"

no"
24098953,yes,yes,True,1.0,completed,pubmedqa-24098953-55d52d10,,,1431,pubmedqa,yes,"

yes"
24827404,no,no,True,1.0,completed,pubmedqa-24827404-bd369b45,,,1753,pubmedqa,no,"

no"
28407529,no,yes,False,0.0,completed,pubmedqa-28407529-dff69db8,,,1822,pubmedqa,no,"

yes"
27928673,yes,yes,True,1.0,completed,pubmedqa-27928673-1b23c159,,,1174,pubmedqa,yes,"

yes"
22011946,no,no,True,1.0,completed,pubmedqa-22011946-6667104a,,,2051,pubmedqa,no,"

no"
23517744,yes,yes,True,1.0,completed,pubmedqa-23517744-d7dfcce2,,,4272,pubmedqa,yes,"

yes"
20842006,no,no,True,1.0,completed,pubmedqa-20842006-2e292cc7,,,1197,pubmedqa,no,"

no"
9140335,maybe,yes,False,0.0,completed,pubmedqa-9140335-037ec712,,,5124,pubmedqa,maybe,"

yes"
12142826,no,no,True,1.0,completed,pubmedqa-12142826-0f102c6a,,,1538,pubmedqa,no,"

no"
22382608,no,no,True,1.0,completed,pubmedqa-22382608-8c9e7a21,,,4929,pubmedqa,no,"

no"
17329379,yes,yes,True,1.0,completed,pubmedqa-17329379-38fdc5ea,,,2744,pubmedqa,yes,"

yes"
27288618,no,no,True,1.0,completed,pubmedqa-27288618-0fb2522c,,,1980,pubmedqa,no,"

no"
21873082,yes,no,False,0.0,completed,pubmedqa-21873082-2e2f9463,,,2948,pubmedqa,yes,"

no"
25810292,yes,yes,True,1.0,completed,pubmedqa-25810292-8f069865,,,1574,pubmedqa,yes,"

yes"
21739621,yes,yes,True,1.0,completed,pubmedqa-21739621-50cfdde5,,,2192,pubmedqa,yes,"

yes"
20073599,yes,yes,True,1.0,completed,pubmedqa-20073599-642b93fa,,,1714,pubmedqa,yes,"

yes"
21845457,yes,yes,True,1.0,completed,pubmedqa-21845457-407226f6,,,1885,pubmedqa,yes,"

yes"
16216859,no,no,True,1.0,completed,pubmedqa-16216859-80f924a4,,,1722,pubmedqa,no,"

no"
19103915,maybe,yes,False,0.0,completed,pubmedqa-19103915-7e15f4cb,,,759,pubmedqa,maybe,"

yes"
22521460,no,no,True,1.0,completed,pubmedqa-22521460-ac59ed8a,,,1931,pubmedqa,no,"

no"
17062234,no,no,True,1.0,completed,pubmedqa-17062234-87a4710e,,,2386,pubmedqa,no,"

no"
26126304,no,no,True,1.0,completed,pubmedqa-26126304-bd689e37,,,2728,pubmedqa,no,"

no"
19578820,maybe,yes,False,0.0,completed,pubmedqa-19578820-d5780524,,,5598,pubmedqa,maybe,"

yes"
21228436,yes,yes,True,1.0,completed,pubmedqa-21228436-0edd62d1,,,1214,pubmedqa,yes,"

yes"
23972333,yes,yes,True,1.0,completed,pubmedqa-23972333-3e6a74e8,,,2899,pubmedqa,yes,"

yes"
23719685,no,no,True,1.0,completed,pubmedqa-23719685-17bf7736,,,2046,pubmedqa,no,"

no"
11601252,yes,yes,True,1.0,completed,pubmedqa-11601252-2e3f1f76,,,1963,pubmedqa,yes,"

yes"
23506394,yes,yes,True,1.0,completed,pubmedqa-23506394-d7b5a5c9,,,5363,pubmedqa,yes,"

yes"
19575307,no,no,True,1.0,completed,pubmedqa-19575307-a3ee898f,,,5985,pubmedqa,no,"

no"
11977907,yes,yes,True,1.0,completed,pubmedqa-11977907-cdd26cbf,,,1680,pubmedqa,yes,"

yes"
12626177,maybe,yes,False,0.0,completed,pubmedqa-12626177-5e0aa9f3,,,3606,pubmedqa,maybe,"

yes"
15483019,yes,yes,True,1.0,completed,pubmedqa-15483019-d52c1efd,,,2995,pubmedqa,yes,"

yes"
18693227,yes,yes,True,1.0,completed,pubmedqa-18693227-c9188484,,,1928,pubmedqa,yes,"

yes"
27131771,yes,yes,True,1.0,completed,pubmedqa-27131771-7e7c2517,,,1884,pubmedqa,yes,"

yes"
24783217,yes,yes,True,1.0,completed,pubmedqa-24783217-53341888,,,3203,pubmedqa,yes,"

yes"
17916877,yes,yes,True,1.0,completed,pubmedqa-17916877-cdce35c2,,,7723,pubmedqa,yes,"

yes"
8375607,yes,yes,True,1.0,completed,pubmedqa-8375607-83443364,,,3513,pubmedqa,yes,"

yes"
11955750,no,maybe,False,0.0,completed,pubmedqa-11955750-456bcd78,,,11315,pubmedqa,no,"

maybe"
27040842,no,no,True,1.0,completed,pubmedqa-27040842-f1f85b93,,,1222,pubmedqa,no,"

no"
17244100,yes,yes,True,1.0,completed,pubmedqa-17244100-d3debcb3,,,1440,pubmedqa,yes,"

yes"
15708048,yes,yes,True,1.0,completed,pubmedqa-15708048-a702178c,,,1394,pubmedqa,yes,"

yes"
11438275,no,yes,False,0.0,completed,pubmedqa-11438275-58d71d96,,,5785,pubmedqa,no,"

yes"
22513023,no,no,True,1.0,completed,pubmedqa-22513023-72f98bfe,,,4487,pubmedqa,no,"

no"
27146470,maybe,no,False,0.0,completed,pubmedqa-27146470-a4a6504e,,,2232,pubmedqa,maybe,"

no"
8165771,yes,yes,True,1.0,completed,pubmedqa-8165771-d1d42384,,,2929,pubmedqa,yes,"

yes"
23677366,no,no,True,1.0,completed,pubmedqa-23677366-07a5048b,,,1706,pubmedqa,no,"

no"
19237087,no,no,True,1.0,completed,pubmedqa-19237087-47b1d5cb,,,1210,pubmedqa,no,"

no"
10456814,no,no,True,1.0,completed,pubmedqa-10456814-8023c547,,,1831,pubmedqa,no,"

no"
8921484,no,no,True,1.0,completed,pubmedqa-8921484-4da84866,,,1994,pubmedqa,no,"

no"
16564683,no,no,True,1.0,completed,pubmedqa-16564683-aa2d4ac5,,,3091,pubmedqa,no,"

no"
23147106,no,no,True,1.0,completed,pubmedqa-23147106-77cda38f,,,2211,pubmedqa,no,"

no"
21550158,yes,yes,True,1.0,completed,pubmedqa-21550158-60476214,,,5622,pubmedqa,yes,"

yes"
17559449,no,no,True,1.0,completed,pubmedqa-17559449-62f9ec3e,,,5677,pubmedqa,no,"

no"
